Bouts_Dataframe_DateTime,Bouts_Dataframe_1503960366,Bouts_Dataframe_1644430081,Bouts_Dataframe_1844505072,Bouts_Dataframe_1927972279,Bouts_Dataframe_2026352035,Bouts_Dataframe_2320127002,Bouts_Dataframe_2347167796,Bouts_Dataframe_3977333714,Bouts_Dataframe_4020332650,Bouts_Dataframe_4319703577,Bouts_Dataframe_4388161847,Bouts_Dataframe_4445114986,Bouts_Dataframe_4558609924,Bouts_Dataframe_4702921684,Bouts_Dataframe_5553957443,Bouts_Dataframe_5577150313,Bouts_Dataframe_6117666160,Bouts_Dataframe_6775888955,Bouts_Dataframe_6962181067,Bouts_Dataframe_7007744171,Bouts_Dataframe_7086361926,Bouts_Dataframe_8053475328,Bouts_Dataframe_8378563200,Bouts_Dataframe_8792009665
4/12/2016 1:00:00 AM,0,0,0,0,0,0,0,0,0,0,0,0,0,0,0,0,0,0,0,0,0,0,0,0
4/12/2016 1:00:00 PM,1,0,0,1,0,0,0,1,0,0,0,1,0,0,0,0,0,0,0,0,0,0,0,1
4/12/2016 1:15:00 AM,0,0,0,0,0,0,0,0,0,0,0,0,0,0,0,0,0,0,0,0,0,0,0,0
4/12/2016 1:15:00 PM,1,0,0,1,0,0,0,1,0,0,0,0,0,0,0,0,0,0,0,0,0,0,0,1
4/12/2016 1:30:00 AM,0,0,0,0,0,0,0,0,0,0,0,0,0,0,0,0,0,0,0,0,0,0,0,0
4/12/2016 1:30:00 PM,1,0,0,1,0,0,0,1,0,0,0,0,0,0,0,0,0,0,0,0,0,0,0,1
4/12/2016 1:45:00 AM,0,0,0,0,0,0,0,0,0,0,0,0,0,0,0,0,0,0,0,0,0,0,0,0
4/12/2016 1:45:00 PM,1,0,0,1,0,0,0,1,0,0,0,0,0,0,0,0,0,0,0,0,0,0,0,1
4/12/2016 10:00:00 AM,1,0,0,1,1,0,0,1,1,0,0,1,0,1,1,1,0,0,1,0,1,0,1,1
4/12/2016 10:00:00 PM,0,0,0,0,0,0,0,0,0,0,0,0,0,0,0,0,0,0,0,0,0,0,0,0
4/12/2016 10:15:00 AM,1,0,0,1,1,0,0,1,1,0,0,1,0,1,1,1,0,0,1,0,1,0,0,1
4/12/2016 10:15:00 PM,0,0,0,0,0,0,0,0,0,0,0,0,0,0,0,0,0,0,0,0,0,0,0,0
4/12/2016 10:30:00 AM,1,0,0,1,1,0,0,1,1,0,0,1,0,1,1,1,0,0,1,0,1,0,0,1
4/12/2016 10:30:00 PM,0,0,0,0,0,0,0,0,0,0,0,0,0,0,0,0,0,0,0,0,0,0,0,0
4/12/2016 10:45:00 AM,1,0,0,1,1,0,0,1,1,0,0,1,0,1,1,1,0,0,1,0,1,0,0,1
4/12/2016 10:45:00 PM,0,0,0,0,0,0,0,0,0,0,0,0,0,0,0,0,0,0,0,0,0,0,0,0
4/12/2016 11:00:00 AM,1,0,0,1,1,0,0,1,1,0,0,1,0,1,1,1,0,0,1,0,1,0,0,1
4/12/2016 11:00:00 PM,0,0,0,0,0,0,0,0,0,0,0,0,0,0,0,0,0,0,0,0,0,0,0,0
4/12/2016 11:15:00 AM,1,0,0,1,1,0,0,1,1,0,0,1,0,1,1,1,0,0,1,0,1,0,0,1
4/12/2016 11:15:00 PM,0,0,0,0,0,0,0,0,0,0,0,0,0,0,0,0,0,0,0,0,0,0,0,0
4/12/2016 11:30:00 AM,1,0,0,1,1,0,0,1,1,0,0,1,0,1,1,1,0,0,1,0,1,0,0,1
4/12/2016 11:30:00 PM,0,0,0,0,0,0,0,0,0,0,0,0,0,0,0,0,0,0,0,0,0,0,0,0
4/12/2016 11:45:00 AM,1,0,0,1,1,0,0,1,1,0,0,1,0,1,1,1,0,0,1,0,1,0,0,1
4/12/2016 11:45:00 PM,0,0,0,0,0,0,0,0,0,0,0,0,0,0,0,0,0,0,0,0,0,0,0,0
4/12/2016 12:00:00 AM,0,0,0,0,0,0,0,0,0,0,0,0,0,0,0,0,0,0,0,0,0,0,0,0
4/12/2016 12:00:00 PM,1,0,0,1,0,0,0,1,1,0,0,1,0,1,1,0,0,0,1,0,1,0,0,1
4/12/2016 12:15:00 AM,0,0,0,0,0,0,0,0,0,0,0,0,0,0,0,0,0,0,0,0,0,0,0,0
4/12/2016 12:15:00 PM,1,0,0,1,0,0,0,1,1,0,0,1,0,1,0,0,0,0,1,0,1,0,0,1
4/12/2016 12:30:00 AM,0,0,0,0,0,0,0,0,0,0,0,0,0,0,0,0,0,0,0,0,0,0,0,0
4/12/2016 12:30:00 PM,1,0,0,1,0,0,0,1,0,0,0,1,0,0,0,0,0,0,1,0,1,0,0,1
4/12/2016 12:45:00 AM,0,0,0,0,0,0,0,0,0,0,0,0,0,0,0,0,0,0,0,0,0,0,0,0
4/12/2016 12:45:00 PM,1,0,0,1,0,0,0,1,0,0,0,1,0,0,0,0,0,0,1,0,1,0,0,1
4/12/2016 2:00:00 AM,0,0,0,0,0,0,0,0,0,0,0,0,0,0,0,0,0,0,0,0,0,0,0,0
4/12/2016 2:00:00 PM,1,0,0,1,0,0,0,1,0,0,0,0,0,0,0,0,0,0,0,0,0,0,0,1
4/12/2016 2:15:00 AM,0,0,0,0,0,0,0,0,0,0,0,0,0,0,0,0,0,0,0,0,0,0,0,0
4/12/2016 2:15:00 PM,1,0,0,1,0,0,0,1,0,0,0,0,0,0,0,0,0,0,0,0,0,0,0,1
4/12/2016 2:30:00 AM,0,0,0,0,0,0,0,0,0,0,0,0,0,0,0,0,0,0,0,0,0,0,0,0
4/12/2016 2:30:00 PM,1,0,0,1,0,0,0,0,0,0,0,0,0,0,0,0,0,0,0,0,0,0,0,1
4/12/2016 2:45:00 AM,0,0,0,0,1,0,0,0,0,0,0,0,0,0,0,0,0,0,0,0,0,0,0,0
4/12/2016 2:45:00 PM,0,0,0,0,0,0,0,0,0,0,0,0,0,0,0,0,0,0,0,0,0,0,0,1
4/12/2016 3:00:00 AM,0,0,0,0,1,0,0,0,0,0,0,0,0,0,0,0,0,0,0,0,0,0,0,0
4/12/2016 3:00:00 PM,0,0,0,0,0,0,0,0,0,0,0,1,0,0,0,0,0,0,0,0,0,0,0,1
4/12/2016 3:15:00 AM,0,0,0,0,1,0,0,0,1,0,0,0,0,0,0,0,0,0,0,0,0,0,0,0
4/12/2016 3:15:00 PM,0,0,0,0,0,0,0,0,0,0,0,1,0,0,0,0,0,0,0,0,0,0,0,1
4/12/2016 3:30:00 AM,0,0,0,0,1,0,0,0,1,0,0,0,0,0,0,0,0,0,0,0,0,0,0,0
4/12/2016 3:30:00 PM,0,0,0,0,0,0,0,0,0,0,0,1,0,0,0,0,0,0,0,0,0,0,0,1
4/12/2016 3:45:00 AM,0,0,0,1,1,0,0,0,1,0,0,0,0,0,0,0,0,0,0,0,0,0,0,0
4/12/2016 3:45:00 PM,0,0,0,0,0,0,0,0,0,0,0,1,0,0,0,0,0,0,0,0,0,0,0,1
4/12/2016 4:00:00 AM,0,0,0,1,1,0,0,0,1,0,0,0,0,0,0,0,0,0,0,0,1,0,0,0
4/12/2016 4:00:00 PM,0,0,0,0,0,0,0,0,0,0,0,1,0,0,0,0,0,0,0,0,0,0,0,1
4/12/2016 4:15:00 AM,0,0,0,1,1,0,0,0,1,0,0,0,0,0,1,0,0,0,0,0,1,0,1,0
4/12/2016 4:15:00 PM,0,0,0,0,0,0,0,0,0,0,0,1,0,0,0,0,0,0,0,0,0,0,0,0
4/12/2016 4:30:00 AM,0,0,0,1,1,0,0,0,1,0,0,0,0,0,1,1,0,0,0,0,1,0,1,0
4/12/2016 4:30:00 PM,0,0,0,0,0,0,0,0,0,0,0,1,0,0,0,0,0,0,0,0,0,0,0,0
4/12/2016 4:45:00 AM,0,0,0,1,1,0,0,0,1,0,0,0,0,0,1,1,0,0,0,0,1,0,1,0
4/12/2016 4:45:00 PM,0,0,0,0,0,0,0,0,0,0,0,1,0,0,0,0,0,0,0,0,0,0,0,0
4/12/2016 5:00:00 AM,0,0,0,1,1,0,0,0,1,0,0,0,0,1,1,1,0,0,0,0,1,0,1,0
4/12/2016 5:00:00 PM,0,0,0,0,0,0,0,0,0,0,0,1,0,0,0,0,0,0,0,0,0,0,0,0
4/12/2016 5:15:00 AM,0,0,0,1,1,0,0,0,1,0,0,0,0,1,1,1,0,0,0,0,1,0,1,0
4/12/2016 5:15:00 PM,0,0,0,0,0,0,0,0,0,0,0,0,0,0,0,0,0,0,0,0,0,0,0,0
4/12/2016 5:30:00 AM,0,0,0,1,1,0,0,0,1,0,0,0,0,1,1,1,0,0,0,0,1,0,1,0
4/12/2016 5:30:00 PM,0,0,0,1,0,0,0,0,0,0,0,0,0,0,0,0,0,0,0,0,0,0,0,0
4/12/2016 5:45:00 AM,0,0,0,1,1,0,0,0,1,0,0,0,0,1,1,1,0,0,0,0,1,0,1,0
4/12/2016 5:45:00 PM,0,0,0,1,0,0,0,0,0,0,0,0,0,0,0,0,0,0,0,0,0,0,0,0
4/12/2016 6:00:00 AM,0,0,0,1,1,0,0,0,1,0,0,0,0,1,1,1,0,0,0,0,1,0,1,0
4/12/2016 6:00:00 PM,0,0,0,1,0,0,0,0,0,0,0,0,0,0,0,0,0,0,0,0,0,0,0,0
4/12/2016 6:15:00 AM,0,0,0,1,1,0,0,0,1,0,0,0,0,1,1,1,0,0,1,0,1,0,1,0
4/12/2016 6:15:00 PM,0,0,0,1,0,0,0,0,0,0,0,0,0,0,0,0,0,0,0,0,0,0,0,0
4/12/2016 6:30:00 AM,0,0,0,1,1,0,0,1,1,0,0,0,0,1,1,1,0,0,1,0,1,0,1,0
4/12/2016 6:30:00 PM,0,0,0,1,0,0,0,0,0,0,0,0,0,0,0,0,0,0,0,0,0,0,0,0
4/12/2016 6:45:00 AM,0,0,0,1,1,0,0,1,1,0,0,0,0,1,1,1,0,0,1,0,1,0,1,0
4/12/2016 6:45:00 PM,0,0,0,1,0,0,0,0,0,0,0,0,0,0,0,0,0,0,0,0,0,0,0,0
4/12/2016 7:00:00 AM,0,0,0,1,1,0,0,1,1,0,0,0,0,1,1,1,0,0,1,0,1,0,1,0
4/12/2016 7:00:00 PM,0,0,0,1,0,0,0,0,0,0,0,0,0,0,0,0,0,0,0,0,0,0,0,0
4/12/2016 7:15:00 AM,0,0,0,1,1,0,0,1,1,0,0,0,0,1,1,1,0,0,1,0,1,0,1,0
4/12/2016 7:15:00 PM,0,0,0,1,0,0,0,0,0,0,0,0,0,0,0,0,0,0,0,0,0,0,0,0
4/12/2016 7:30:00 AM,0,0,0,1,1,0,0,1,1,0,0,1,0,1,1,1,0,0,1,0,1,0,1,0
4/12/2016 7:30:00 PM,0,0,0,1,0,0,0,0,0,0,0,0,0,0,0,0,0,0,0,0,0,0,0,0
4/12/2016 7:45:00 AM,0,0,0,1,1,0,0,1,1,0,0,1,0,1,1,1,0,0,1,0,1,0,1,1
4/12/2016 7:45:00 PM,0,0,0,1,0,0,0,0,0,0,0,0,0,0,0,0,0,0,0,0,0,0,0,0
4/12/2016 8:00:00 AM,0,0,0,1,1,0,0,1,1,0,0,1,0,1,1,1,0,0,1,0,1,0,1,1
4/12/2016 8:00:00 PM,0,0,0,1,0,0,0,0,0,0,0,0,0,0,0,0,0,0,0,0,0,0,0,0
4/12/2016 8:15:00 AM,0,0,0,1,1,0,0,1,1,0,0,1,0,1,1,1,0,0,1,0,1,0,1,1
4/12/2016 8:15:00 PM,0,0,0,0,0,0,0,0,0,0,0,0,0,0,0,0,0,0,0,0,0,0,0,0
4/12/2016 8:30:00 AM,0,0,0,1,1,0,0,1,1,0,0,1,0,1,1,1,0,0,1,0,1,0,1,1
4/12/2016 8:30:00 PM,0,0,0,0,0,0,0,0,0,0,0,0,0,0,0,0,0,0,0,0,0,0,0,0
4/12/2016 8:45:00 AM,1,0,0,1,1,0,0,1,1,0,0,1,0,1,1,1,0,0,1,0,1,0,1,1
4/12/2016 8:45:00 PM,0,0,0,0,0,0,0,0,0,0,0,0,0,0,0,0,0,0,0,0,0,0,0,0
4/12/2016 9:00:00 AM,1,0,0,1,1,0,0,1,1,0,0,1,0,1,1,1,0,0,1,0,1,0,1,1
4/12/2016 9:00:00 PM,0,0,0,0,0,0,0,0,0,0,0,0,0,0,0,0,0,0,0,0,0,0,0,0
4/12/2016 9:15:00 AM,1,0,0,1,1,0,0,1,1,0,0,1,0,1,1,1,0,0,1,0,1,0,1,1
4/12/2016 9:15:00 PM,0,0,0,0,0,0,0,0,0,0,0,0,0,0,0,0,0,0,0,0,0,0,0,0
4/12/2016 9:30:00 AM,1,0,0,1,1,0,0,1,1,0,0,1,0,1,1,1,0,0,1,0,1,0,1,1
4/12/2016 9:30:00 PM,0,0,0,0,0,0,0,0,0,0,0,0,0,0,0,0,0,0,0,0,0,0,0,0
4/12/2016 9:45:00 AM,1,0,0,1,1,0,0,1,1,0,0,1,0,1,1,1,0,0,1,0,1,0,1,1
4/12/2016 9:45:00 PM,0,0,0,0,0,0,0,0,0,0,0,0,0,0,0,0,0,0,0,0,0,0,0,0
4/13/2016 1:00:00 AM,0,0,0,0,0,0,0,0,0,0,0,0,0,0,0,0,0,0,0,0,0,0,0,0
4/13/2016 1:00:00 PM,1,0,0,1,0,0,0,1,0,0,0,1,0,0,1,0,0,1,1,0,0,0,0,1
4/13/2016 1:15:00 AM,0,0,0,0,0,0,0,0,0,0,0,0,0,0,0,0,0,0,0,0,0,0,0,0
4/13/2016 1:15:00 PM,1,0,0,1,0,0,0,1,0,0,0,0,0,0,1,0,0,0,1,0,0,0,0,1
4/13/2016 1:30:00 AM,0,0,0,0,0,0,0,0,0,0,0,0,0,0,0,0,0,0,0,0,0,0,0,0
4/13/2016 1:30:00 PM,1,0,0,1,0,0,0,0,0,0,0,0,0,0,0,0,0,0,1,0,0,0,0,1
4/13/2016 1:45:00 AM,0,0,0,0,0,0,0,0,0,0,0,0,0,0,0,0,0,0,0,0,0,0,0,0
4/13/2016 1:45:00 PM,1,0,0,1,0,0,0,0,0,0,0,0,0,0,0,0,0,0,1,0,0,0,0,1
4/13/2016 10:00:00 AM,1,0,0,1,1,0,1,1,0,0,0,1,0,1,1,1,0,1,1,0,1,0,1,1
4/13/2016 10:00:00 PM,0,0,0,0,0,0,0,0,0,0,0,0,0,0,0,0,0,0,0,0,0,0,0,0
4/13/2016 10:15:00 AM,1,0,0,1,1,0,1,1,0,0,0,1,0,1,1,1,0,1,1,0,1,0,1,1
4/13/2016 10:15:00 PM,0,0,0,0,0,0,0,0,0,0,0,0,0,0,0,0,0,0,0,0,0,0,0,0
4/13/2016 10:30:00 AM,1,0,0,1,1,0,1,1,0,0,0,1,0,1,1,1,0,1,1,0,1,0,0,1
4/13/2016 10:30:00 PM,0,0,0,0,0,0,0,0,0,0,0,0,0,0,0,0,0,0,0,0,0,0,0,0
4/13/2016 10:45:00 AM,1,0,0,1,1,0,1,1,0,0,0,1,0,1,1,1,0,1,1,0,1,0,0,1
4/13/2016 10:45:00 PM,0,0,0,0,0,0,0,0,0,0,0,0,0,0,0,0,0,0,0,0,0,0,0,0
4/13/2016 11:00:00 AM,1,0,0,1,1,0,1,1,0,0,0,1,0,1,1,1,0,1,1,0,1,0,0,1
4/13/2016 11:00:00 PM,0,0,0,0,0,0,0,0,0,0,0,0,0,0,0,0,0,0,0,0,0,0,0,0
4/13/2016 11:15:00 AM,1,0,0,1,1,0,1,1,0,0,0,1,0,1,1,1,0,1,1,0,1,0,0,1
4/13/2016 11:15:00 PM,0,0,0,0,0,0,0,0,0,0,0,0,0,0,0,0,0,0,0,0,0,0,0,0
4/13/2016 11:30:00 AM,1,0,0,1,1,0,1,1,0,0,0,1,0,1,1,1,0,1,1,0,1,0,0,1
4/13/2016 11:30:00 PM,0,0,0,0,0,0,0,0,0,0,0,0,0,0,0,0,0,0,0,0,0,0,0,0
4/13/2016 11:45:00 AM,1,0,0,1,1,0,1,1,0,0,0,1,0,1,1,1,0,1,1,0,1,0,0,1
4/13/2016 11:45:00 PM,0,0,0,0,0,0,0,0,0,0,0,0,0,0,0,0,0,0,0,0,0,0,0,0
4/13/2016 12:00:00 AM,0,0,0,0,0,0,0,0,0,0,0,0,0,0,0,0,0,0,0,0,0,0,0,0
4/13/2016 12:00:00 PM,1,0,0,1,1,0,1,1,0,0,0,1,0,1,1,0,0,1,1,0,1,0,0,1
4/13/2016 12:15:00 AM,0,0,0,0,0,0,0,0,0,0,0,0,0,0,0,0,0,0,0,0,0,0,0,0
4/13/2016 12:15:00 PM,1,0,0,1,1,0,1,1,0,0,0,1,0,0,1,0,0,1,1,0,1,0,0,1
4/13/2016 12:30:00 AM,0,0,0,0,0,0,0,0,0,0,0,0,0,0,0,0,0,0,0,0,0,0,0,0
4/13/2016 12:30:00 PM,1,0,0,1,0,0,1,1,0,0,0,1,0,0,1,0,0,1,1,0,1,0,0,1
4/13/2016 12:45:00 AM,0,0,0,0,0,0,0,0,0,0,0,0,0,0,0,0,0,0,0,0,0,0,0,0
4/13/2016 12:45:00 PM,1,0,0,1,0,0,1,1,0,0,0,1,0,0,1,0,0,1,1,0,0,0,0,1
4/13/2016 2:00:00 AM,0,0,0,0,0,0,0,0,0,0,0,0,0,0,0,0,0,0,0,0,0,0,1,0
4/13/2016 2:00:00 PM,1,0,0,1,0,0,0,0,0,0,0,0,0,0,0,0,0,0,1,0,0,0,0,1
4/13/2016 2:15:00 AM,0,0,0,0,0,0,0,0,0,0,0,0,0,0,0,0,0,0,0,0,0,0,1,0
4/13/2016 2:15:00 PM,1,0,0,1,0,0,0,0,0,0,0,0,0,0,0,0,0,0,0,0,0,0,0,1
4/13/2016 2:30:00 AM,0,0,0,0,0,0,0,0,0,0,0,0,0,0,0,0,0,0,0,0,0,0,1,0
4/13/2016 2:30:00 PM,0,0,0,1,0,0,0,0,0,0,0,0,0,0,0,0,0,0,1,0,0,0,0,1
4/13/2016 2:45:00 AM,0,0,0,0,1,0,0,0,0,0,0,0,0,0,0,0,0,0,0,0,0,0,1,0
4/13/2016 2:45:00 PM,0,0,0,1,0,0,0,0,0,0,0,0,0,0,0,0,0,0,1,0,0,0,0,1
4/13/2016 3:00:00 AM,0,0,0,0,1,0,0,0,0,0,0,0,0,0,0,0,0,0,0,0,0,0,1,0
4/13/2016 3:00:00 PM,0,0,0,1,0,0,0,0,0,0,0,0,0,0,0,0,0,0,1,0,0,0,0,1
4/13/2016 3:15:00 AM,0,0,0,0,1,0,0,0,0,0,0,0,0,0,0,0,0,0,0,0,0,0,1,0
4/13/2016 3:15:00 PM,0,0,0,1,0,0,0,0,0,0,0,0,0,0,0,0,0,0,1,0,0,0,0,1
4/13/2016 3:30:00 AM,0,0,0,0,1,0,0,0,0,0,0,0,0,0,0,0,0,0,0,0,0,0,1,0
4/13/2016 3:30:00 PM,0,0,0,0,0,0,0,0,0,0,0,1,0,0,0,0,0,0,1,0,0,0,0,1
4/13/2016 3:45:00 AM,0,0,0,0,1,0,0,0,0,0,0,0,0,0,0,0,0,0,0,0,0,0,1,0
4/13/2016 3:45:00 PM,0,0,0,0,0,0,0,0,0,0,0,1,0,0,0,0,0,0,1,0,0,0,0,1
4/13/2016 4:00:00 AM,0,0,0,0,1,0,1,0,0,0,0,0,0,0,0,1,0,0,0,0,0,0,1,0
4/13/2016 4:00:00 PM,0,0,0,0,0,0,0,0,0,0,0,1,0,0,0,0,0,0,1,0,0,0,0,1
4/13/2016 4:15:00 AM,0,0,0,0,1,0,1,0,0,0,0,0,0,0,0,1,0,0,0,0,0,0,1,0
4/13/2016 4:15:00 PM,0,0,0,0,0,0,0,0,0,0,0,1,0,0,0,0,0,0,1,0,0,0,0,1
4/13/2016 4:30:00 AM,0,0,0,0,1,0,1,0,0,0,0,0,0,0,0,1,0,0,0,0,0,0,1,0
4/13/2016 4:30:00 PM,0,0,0,0,0,0,0,0,0,0,0,1,0,0,0,0,0,0,1,0,0,0,0,0
4/13/2016 4:45:00 AM,0,0,0,0,1,0,1,0,0,0,0,0,0,1,0,1,0,0,0,0,0,0,1,0
4/13/2016 4:45:00 PM,0,0,0,0,0,0,0,0,0,0,0,1,0,0,0,0,0,0,1,0,0,0,0,0
4/13/2016 5:00:00 AM,0,0,0,0,1,0,1,0,0,0,0,0,0,1,0,1,0,0,0,0,1,0,1,0
4/13/2016 5:00:00 PM,0,0,0,0,0,0,0,0,0,0,0,0,0,0,0,0,0,0,1,0,0,0,0,0
4/13/2016 5:15:00 AM,0,0,0,0,1,0,1,0,0,0,0,0,0,1,0,1,0,0,0,0,1,0,1,0
4/13/2016 5:15:00 PM,0,0,0,0,0,0,0,0,0,0,0,0,0,0,0,0,0,0,1,0,0,0,0,0
4/13/2016 5:30:00 AM,0,0,0,0,1,0,1,0,0,0,0,0,0,1,0,1,0,0,0,0,1,0,1,0
4/13/2016 5:30:00 PM,0,0,0,0,0,0,0,0,0,0,0,0,0,0,0,0,0,0,1,0,0,0,0,0
4/13/2016 5:45:00 AM,0,0,0,0,1,0,1,0,0,0,0,0,0,1,0,1,0,0,1,0,1,0,1,0
4/13/2016 5:45:00 PM,0,0,0,0,0,0,0,0,0,0,0,0,0,0,0,0,0,0,1,0,0,0,0,0
4/13/2016 6:00:00 AM,0,0,0,0,1,0,1,0,0,0,0,0,0,1,0,1,0,0,1,0,1,0,1,0
4/13/2016 6:00:00 PM,0,0,0,0,0,0,0,0,0,0,0,0,0,0,0,0,0,0,0,0,0,0,0,0
4/13/2016 6:15:00 AM,0,0,0,0,1,0,1,0,0,0,0,0,0,1,1,1,0,0,1,0,1,0,1,0
4/13/2016 6:15:00 PM,0,0,0,0,0,0,0,0,0,0,0,0,0,0,0,0,0,0,0,0,0,0,0,0
4/13/2016 6:30:00 AM,0,0,0,0,1,0,1,0,0,0,0,0,0,1,1,1,0,0,1,0,1,0,1,0
4/13/2016 6:30:00 PM,0,0,0,0,0,0,0,0,0,0,0,0,0,0,1,0,0,0,0,0,0,0,0,0
4/13/2016 6:45:00 AM,0,0,0,0,1,0,1,1,0,0,0,0,0,1,1,1,0,0,1,0,1,0,1,0
4/13/2016 6:45:00 PM,0,0,0,0,0,0,0,0,0,0,0,0,0,0,1,0,0,0,0,0,0,0,0,0
4/13/2016 7:00:00 AM,0,0,0,0,1,0,1,1,0,0,0,0,0,1,1,1,0,0,1,0,1,0,1,0
4/13/2016 7:00:00 PM,0,0,0,0,0,0,0,0,0,0,0,0,0,0,1,0,0,0,0,0,0,0,0,0
4/13/2016 7:15:00 AM,0,0,0,0,1,0,1,1,0,0,0,0,0,1,1,1,0,0,1,0,1,0,1,1
4/13/2016 7:15:00 PM,0,0,0,0,0,0,0,0,0,0,0,0,0,0,1,0,0,0,0,0,0,0,0,0
4/13/2016 7:30:00 AM,0,0,0,0,1,0,1,1,0,0,0,0,0,1,1,1,0,0,1,0,1,0,1,1
4/13/2016 7:30:00 PM,0,0,0,0,0,0,0,0,0,0,0,0,0,0,1,0,0,0,0,0,0,0,0,0
4/13/2016 7:45:00 AM,0,0,0,0,1,0,1,1,0,0,0,1,0,1,1,1,0,0,1,0,1,0,1,1
4/13/2016 7:45:00 PM,0,0,0,0,0,0,0,0,0,0,0,0,0,0,0,0,0,0,0,0,0,0,0,0
4/13/2016 8:00:00 AM,0,0,0,0,1,0,1,1,0,0,0,1,0,1,1,1,0,0,1,0,1,0,1,1
4/13/2016 8:00:00 PM,0,0,0,0,0,0,0,0,0,0,0,0,0,0,0,0,0,0,0,0,0,0,0,0
4/13/2016 8:15:00 AM,0,0,0,1,1,0,1,1,0,0,0,1,0,1,1,1,0,0,1,0,1,0,1,1
4/13/2016 8:15:00 PM,0,0,0,0,0,0,0,0,0,0,0,0,0,0,0,0,0,0,0,0,0,0,0,0
4/13/2016 8:30:00 AM,0,0,0,1,1,0,1,1,0,0,0,1,0,1,1,1,0,0,1,0,1,0,1,1
4/13/2016 8:30:00 PM,0,0,0,0,0,0,0,0,0,0,0,0,0,0,0,0,0,0,0,0,0,0,0,0
4/13/2016 8:45:00 AM,0,0,0,1,1,0,1,1,0,0,0,1,0,1,1,1,0,1,1,0,1,0,1,1
4/13/2016 8:45:00 PM,0,0,0,0,0,0,0,0,0,0,0,0,0,0,0,0,0,0,0,0,0,0,0,0
4/13/2016 9:00:00 AM,1,0,0,1,1,0,1,1,0,0,0,1,0,1,1,1,0,1,1,0,1,0,1,1
4/13/2016 9:00:00 PM,0,0,0,0,0,0,0,0,0,0,0,0,0,0,0,0,0,0,0,0,0,0,0,0
4/13/2016 9:15:00 AM,1,0,0,1,1,0,1,1,0,0,0,1,0,1,1,1,0,1,1,0,1,0,1,1
4/13/2016 9:15:00 PM,0,0,0,0,0,0,0,0,0,0,0,0,0,0,0,0,0,0,0,0,0,0,0,0
4/13/2016 9:30:00 AM,1,0,0,1,1,0,1,1,0,0,0,1,0,1,1,1,0,1,1,0,1,0,1,1
4/13/2016 9:30:00 PM,0,0,0,0,0,0,0,0,0,0,0,0,0,0,0,0,0,0,0,0,0,0,0,0
4/13/2016 9:45:00 AM,1,0,0,1,1,0,1,1,0,0,0,1,0,1,1,1,0,1,1,0,1,0,1,1
4/13/2016 9:45:00 PM,0,0,0,0,0,0,0,0,0,0,0,0,0,0,0,0,0,0,0,0,0,0,0,0
4/14/2016 1:00:00 AM,0,0,0,0,0,0,0,0,0,0,0,0,0,0,0,0,0,0,0,0,0,0,0,0
4/14/2016 1:00:00 PM,0,0,0,0,0,0,0,1,0,1,0,1,0,0,0,0,0,1,1,0,0,0,0,1
4/14/2016 1:15:00 AM,0,0,0,0,0,0,0,0,0,0,0,0,0,0,0,0,0,0,0,0,0,0,0,0
4/14/2016 1:15:00 PM,0,0,0,0,0,0,0,1,0,1,0,1,0,0,0,0,0,0,1,0,0,0,0,1
4/14/2016 1:30:00 AM,0,0,0,0,0,0,0,0,0,0,0,0,0,0,0,0,0,0,0,0,0,0,0,0
4/14/2016 1:30:00 PM,0,0,0,0,0,0,0,1,0,1,0,1,0,0,0,0,0,0,1,0,0,0,0,1
4/14/2016 1:45:00 AM,0,0,0,0,0,0,0,0,0,0,0,0,0,0,0,0,0,0,0,0,0,0,0,0
4/14/2016 1:45:00 PM,0,0,0,0,0,0,0,1,0,1,0,1,0,0,0,0,0,0,1,0,0,0,0,1
4/14/2016 10:00:00 AM,0,0,0,0,1,0,1,1,0,1,0,1,0,1,1,1,0,1,1,0,1,0,1,1
4/14/2016 10:00:00 PM,0,0,0,0,0,0,0,0,0,0,0,0,0,0,0,0,0,0,0,0,0,0,0,0
4/14/2016 10:15:00 AM,0,0,0,0,1,0,1,1,0,1,0,1,0,1,1,1,0,1,1,0,1,0,0,1
4/14/2016 10:15:00 PM,0,0,0,0,0,0,0,0,0,0,0,0,0,0,0,0,0,0,0,0,0,0,0,0
4/14/2016 10:30:00 AM,0,0,0,0,1,0,1,1,0,1,0,1,0,1,1,1,0,1,1,0,1,0,0,1
4/14/2016 10:30:00 PM,0,0,0,0,0,0,0,0,0,0,0,0,0,0,0,0,0,0,0,0,0,0,0,0
4/14/2016 10:45:00 AM,0,0,0,0,1,0,1,1,0,1,0,1,0,1,1,1,0,1,1,0,1,0,0,1
4/14/2016 10:45:00 PM,0,0,0,0,0,0,0,0,0,0,0,0,0,0,0,0,0,0,0,0,0,0,0,0
4/14/2016 11:00:00 AM,0,0,0,0,1,0,1,1,0,1,0,1,0,1,1,1,0,1,1,0,1,0,0,1
4/14/2016 11:00:00 PM,0,0,0,0,0,0,0,0,0,0,0,0,0,0,0,0,0,0,0,0,0,0,0,0
4/14/2016 11:15:00 AM,0,0,0,0,1,0,1,1,0,1,0,1,0,1,1,1,0,1,1,0,1,0,0,1
4/14/2016 11:15:00 PM,0,0,0,0,0,0,0,0,0,0,0,0,0,0,0,0,0,0,0,0,0,0,0,0
4/14/2016 11:30:00 AM,0,0,0,0,1,0,1,1,0,1,0,1,0,1,1,1,0,1,1,0,1,0,0,1
4/14/2016 11:30:00 PM,0,0,0,0,0,0,0,0,0,0,0,0,0,0,0,0,0,0,0,0,0,0,0,0
4/14/2016 11:45:00 AM,0,0,0,0,1,0,1,1,0,1,0,1,0,1,0,1,0,1,1,0,1,0,0,1
4/14/2016 11:45:00 PM,0,0,0,0,0,0,0,0,0,0,0,0,0,0,0,0,0,0,0,0,0,0,0,0
4/14/2016 12:00:00 AM,0,0,0,0,0,0,0,0,0,0,0,0,0,0,0,0,0,0,0,0,0,0,0,0
4/14/2016 12:00:00 PM,0,0,0,0,1,0,1,1,0,1,0,1,0,1,0,0,0,1,1,0,1,0,0,1
4/14/2016 12:15:00 AM,0,0,0,0,0,0,0,0,0,0,0,0,0,0,0,0,0,0,0,0,0,0,0,0
4/14/2016 12:15:00 PM,0,0,0,0,1,0,1,1,0,1,0,1,0,0,0,0,0,1,1,0,1,0,0,1
4/14/2016 12:30:00 AM,0,0,0,0,0,0,0,0,0,0,0,0,0,0,0,0,0,0,0,0,0,0,0,0
4/14/2016 12:30:00 PM,0,0,0,0,1,0,0,1,0,1,0,1,0,0,0,0,0,1,1,0,1,0,0,1
4/14/2016 12:45:00 AM,0,0,0,0,0,0,0,0,0,0,0,0,0,0,0,0,0,0,0,0,0,0,0,0
4/14/2016 12:45:00 PM,0,0,0,0,1,0,0,1,0,1,0,1,0,0,0,0,0,1,1,0,0,0,0,1
4/14/2016 2:00:00 AM,1,0,0,0,0,0,0,0,0,0,0,0,0,0,0,0,0,0,0,0,0,0,0,0
4/14/2016 2:00:00 PM,0,0,0,0,0,0,0,1,0,0,0,1,0,0,0,0,0,0,1,0,0,0,0,1
4/14/2016 2:15:00 AM,1,0,0,0,0,0,0,1,0,0,0,0,0,0,0,0,0,0,0,0,0,0,0,0
4/14/2016 2:15:00 PM,0,0,0,0,0,0,0,0,0,0,0,1,0,0,0,0,0,0,0,0,0,0,0,1
4/14/2016 2:30:00 AM,1,0,0,0,0,0,0,1,0,0,0,0,0,0,0,0,0,0,0,0,0,0,1,0
4/14/2016 2:30:00 PM,0,0,0,0,0,0,0,0,0,0,0,1,0,0,0,0,0,0,0,0,0,0,0,1
4/14/2016 2:45:00 AM,1,0,0,0,0,0,0,1,0,0,0,0,0,0,0,0,0,0,0,0,0,0,1,0
4/14/2016 2:45:00 PM,0,0,0,0,0,0,0,0,0,0,0,1,0,0,0,0,0,0,0,0,0,0,0,1
4/14/2016 3:00:00 AM,1,0,0,0,0,0,0,1,0,0,0,0,0,0,0,0,0,0,0,0,0,0,1,0
4/14/2016 3:00:00 PM,0,0,0,0,0,0,0,0,0,0,0,1,0,0,0,0,0,0,0,0,0,0,0,1
4/14/2016 3:15:00 AM,1,0,0,0,1,0,0,1,0,0,0,0,0,0,0,0,0,0,0,0,0,0,1,0
4/14/2016 3:15:00 PM,0,0,0,0,0,0,0,0,0,0,0,1,0,0,0,0,0,0,0,0,0,0,0,1
4/14/2016 3:30:00 AM,1,0,0,0,1,0,0,0,0,0,0,0,0,0,0,1,0,0,0,0,0,0,1,0
4/14/2016 3:30:00 PM,0,0,0,0,0,0,0,0,0,0,0,1,0,0,0,0,0,0,0,0,0,0,0,1
4/14/2016 3:45:00 AM,0,0,0,0,1,0,0,0,0,0,0,0,0,0,0,1,0,0,0,0,0,0,1,0
4/14/2016 3:45:00 PM,0,0,0,0,0,0,0,0,0,0,0,1,0,0,0,0,0,0,0,0,0,0,0,1
4/14/2016 4:00:00 AM,0,0,0,0,1,0,0,0,0,0,0,0,0,0,0,1,0,0,0,0,0,0,1,0
4/14/2016 4:00:00 PM,0,0,0,0,0,0,0,0,0,0,0,1,0,0,0,0,0,0,0,0,0,0,0,1
4/14/2016 4:15:00 AM,0,0,0,0,1,0,1,0,0,0,0,0,0,0,0,1,0,0,0,0,0,0,1,0
4/14/2016 4:15:00 PM,0,0,0,0,0,0,0,0,0,0,0,1,0,0,0,0,0,0,0,0,0,0,0,1
4/14/2016 4:30:00 AM,0,0,0,0,1,0,1,0,0,1,0,0,0,0,1,1,0,0,0,0,1,0,1,0
4/14/2016 4:30:00 PM,0,0,0,0,0,0,0,0,0,0,0,1,0,0,0,0,0,0,0,0,0,0,0,1
4/14/2016 4:45:00 AM,0,0,0,0,1,0,1,0,0,1,0,0,0,0,1,1,0,0,0,0,1,0,1,0
4/14/2016 4:45:00 PM,0,0,0,0,0,0,0,0,0,0,0,1,0,0,0,0,0,0,0,0,0,0,0,1
4/14/2016 5:00:00 AM,0,0,0,0,1,0,1,0,0,1,0,0,0,0,1,1,0,0,0,0,1,0,1,0
4/14/2016 5:00:00 PM,0,0,0,0,0,0,0,0,0,0,0,1,0,0,0,0,0,0,0,0,0,0,0,0
4/14/2016 5:15:00 AM,0,0,0,0,1,0,1,0,0,1,0,0,0,1,1,1,0,0,1,0,1,0,1,0
4/14/2016 5:15:00 PM,0,0,0,0,0,0,0,0,0,0,0,1,0,0,0,0,0,0,0,0,0,0,0,0
4/14/2016 5:30:00 AM,0,0,0,0,1,0,1,0,0,1,0,0,0,1,1,1,0,0,1,0,1,0,1,0
4/14/2016 5:30:00 PM,0,0,0,0,0,0,0,0,0,0,0,0,0,0,0,0,0,0,0,0,0,0,0,0
4/14/2016 5:45:00 AM,0,0,0,0,1,0,1,0,0,1,0,0,0,1,1,1,0,1,1,0,1,0,1,0
4/14/2016 5:45:00 PM,0,0,0,0,0,0,0,0,0,0,0,0,0,0,0,0,0,0,0,0,0,0,0,0
4/14/2016 6:00:00 AM,0,0,0,0,1,0,1,0,0,1,0,0,0,1,1,1,0,1,1,0,1,0,1,0
4/14/2016 6:00:00 PM,0,0,0,0,0,0,0,0,0,0,0,0,0,0,0,0,0,0,0,0,0,0,0,0
4/14/2016 6:15:00 AM,0,0,0,0,1,0,1,0,0,1,0,0,0,1,1,1,0,1,1,0,1,0,1,0
4/14/2016 6:15:00 PM,0,0,0,0,0,0,0,0,0,0,0,0,0,0,0,0,0,0,0,0,0,0,0,0
4/14/2016 6:30:00 AM,0,0,0,0,1,0,1,0,0,1,0,0,0,1,1,1,0,1,1,0,1,0,1,0
4/14/2016 6:30:00 PM,0,0,0,0,0,0,0,0,0,0,0,0,0,0,0,0,0,0,0,0,0,0,0,0
4/14/2016 6:45:00 AM,0,0,0,0,1,0,1,0,0,1,0,0,0,1,1,1,0,1,1,0,1,0,1,0
4/14/2016 6:45:00 PM,0,0,0,0,0,0,0,0,0,0,0,0,0,0,0,0,0,0,0,0,0,0,0,0
4/14/2016 7:00:00 AM,0,0,0,0,1,0,1,0,0,1,0,0,0,1,1,1,0,1,1,0,1,0,1,0
4/14/2016 7:00:00 PM,0,0,0,0,0,0,0,0,0,0,0,0,0,0,0,0,0,0,0,0,0,0,0,0
4/14/2016 7:15:00 AM,0,0,0,0,1,0,1,0,0,1,0,0,0,1,1,1,0,1,1,0,1,0,1,0
4/14/2016 7:15:00 PM,0,0,0,0,0,0,0,0,0,0,0,0,0,0,0,0,0,0,0,0,0,0,0,0
4/14/2016 7:30:00 AM,0,0,0,0,1,0,1,1,0,1,0,0,0,1,1,1,0,1,1,0,1,0,1,0
4/14/2016 7:30:00 PM,0,0,0,0,0,0,0,0,0,0,0,0,0,0,0,0,0,0,0,0,0,0,0,0
4/14/2016 7:45:00 AM,0,0,0,0,1,0,1,1,0,1,0,0,0,1,1,1,0,1,1,0,1,0,1,0
4/14/2016 7:45:00 PM,0,0,0,0,0,0,0,0,0,0,0,0,0,0,0,0,0,0,0,0,0,0,0,0
4/14/2016 8:00:00 AM,0,0,0,0,1,0,1,1,0,1,0,0,0,1,1,1,0,1,1,0,1,0,1,0
4/14/2016 8:00:00 PM,0,0,0,0,0,0,0,0,0,0,0,0,0,0,0,0,0,0,0,0,0,0,0,0
4/14/2016 8:15:00 AM,0,0,0,0,1,0,1,1,0,1,0,0,0,1,1,1,0,1,1,0,1,0,1,0
4/14/2016 8:15:00 PM,0,0,0,0,0,0,0,0,0,0,0,0,0,0,0,0,0,0,0,0,0,0,0,0
4/14/2016 8:30:00 AM,0,0,0,0,1,0,1,1,0,1,0,0,0,1,1,1,0,1,1,0,1,0,1,1
4/14/2016 8:30:00 PM,0,0,0,0,0,0,0,0,0,0,0,0,0,0,0,0,0,0,0,0,0,0,0,0
4/14/2016 8:45:00 AM,0,0,0,0,1,0,1,1,0,1,0,0,0,1,1,1,0,1,1,0,1,0,1,1
4/14/2016 8:45:00 PM,0,0,0,0,0,0,0,0,0,0,0,0,0,0,0,0,0,0,0,0,0,0,0,0
4/14/2016 9:00:00 AM,0,0,0,0,1,0,1,1,0,1,0,1,0,1,1,1,0,1,1,0,1,0,1,1
4/14/2016 9:00:00 PM,0,0,0,0,0,0,0,0,0,0,0,0,0,0,0,0,0,0,0,0,0,0,0,0
4/14/2016 9:15:00 AM,0,0,0,0,1,0,1,1,0,1,0,1,0,1,1,1,0,1,1,0,1,0,1,1
4/14/2016 9:15:00 PM,0,0,0,0,0,0,0,0,0,0,0,0,0,0,0,0,0,0,0,0,0,0,0,0
4/14/2016 9:30:00 AM,0,0,0,0,1,0,1,1,0,1,0,1,0,1,1,1,0,1,1,0,1,0,1,1
4/14/2016 9:30:00 PM,0,0,0,0,0,0,0,0,0,0,0,0,0,0,0,0,0,0,0,0,0,0,0,0
4/14/2016 9:45:00 AM,0,0,0,0,1,0,1,1,0,1,0,1,0,1,1,1,0,1,1,0,1,0,1,1
4/14/2016 9:45:00 PM,0,0,0,0,0,0,0,0,0,0,0,0,0,0,0,0,0,0,0,0,0,0,0,0
4/15/2016 1:00:00 AM,0,0,0,0,0,0,0,0,0,0,0,0,0,0,0,0,0,0,0,0,0,0,0,0
4/15/2016 1:00:00 PM,1,0,1,1,0,0,0,1,0,1,0,1,0,0,0,0,0,0,0,0,0,0,0,1
4/15/2016 1:15:00 AM,0,0,0,0,0,0,0,0,0,0,0,0,0,0,0,0,0,0,0,0,0,0,0,0
4/15/2016 1:15:00 PM,1,0,1,1,0,0,0,1,0,1,0,0,0,0,0,0,0,0,0,0,0,0,0,1
4/15/2016 1:30:00 AM,0,0,0,0,0,0,0,0,0,0,0,0,0,0,0,0,0,0,0,0,0,0,0,0
4/15/2016 1:30:00 PM,1,0,1,1,0,0,0,1,0,1,0,0,0,0,0,0,0,0,0,0,0,0,0,1
4/15/2016 1:45:00 AM,0,0,0,0,0,0,0,0,0,0,0,0,0,0,0,0,0,0,0,0,0,0,0,0
4/15/2016 1:45:00 PM,1,0,1,1,0,0,0,1,0,0,0,0,0,0,0,0,0,0,0,0,0,0,0,1
4/15/2016 10:00:00 AM,1,0,1,0,1,0,1,1,0,1,1,1,0,0,1,1,0,1,1,0,1,0,1,1
4/15/2016 10:00:00 PM,0,0,0,0,0,0,0,0,0,0,0,0,0,0,0,0,0,0,0,0,0,0,0,0
4/15/2016 10:15:00 AM,1,0,1,0,1,0,1,1,0,1,1,1,0,0,1,1,0,1,1,0,1,0,1,1
4/15/2016 10:15:00 PM,0,0,0,0,0,0,0,0,0,0,0,0,0,0,0,0,0,0,0,0,0,0,0,0
4/15/2016 10:30:00 AM,1,0,1,0,1,0,1,1,0,1,1,1,0,0,1,1,0,1,1,0,1,0,1,1
4/15/2016 10:30:00 PM,0,0,0,0,0,0,0,0,0,0,0,0,0,0,0,0,0,0,0,0,0,0,0,0
4/15/2016 10:45:00 AM,1,0,1,0,1,0,1,1,0,1,1,1,0,0,1,1,0,1,1,0,1,0,1,1
4/15/2016 10:45:00 PM,0,0,0,0,0,0,0,0,0,0,0,0,0,0,0,0,0,0,0,0,0,0,0,0
4/15/2016 11:00:00 AM,1,0,1,0,1,0,1,1,0,1,0,1,0,0,1,1,0,1,1,0,1,0,1,1
4/15/2016 11:00:00 PM,0,0,0,0,0,0,0,0,0,0,0,0,0,0,0,0,0,0,0,0,0,0,0,0
4/15/2016 11:15:00 AM,1,0,1,0,1,0,1,1,0,1,0,1,0,0,1,0,0,1,1,0,1,0,1,1
4/15/2016 11:15:00 PM,0,0,0,0,0,0,0,0,0,0,0,0,0,0,0,0,0,0,0,0,0,0,0,0
4/15/2016 11:30:00 AM,1,0,1,1,1,0,1,1,0,1,0,1,0,0,1,0,0,1,1,0,1,0,1,1
4/15/2016 11:30:00 PM,0,0,0,0,0,0,0,0,0,0,0,0,0,0,0,0,0,0,0,0,0,0,0,0
4/15/2016 11:45:00 AM,1,0,1,1,1,0,1,1,0,1,0,1,0,0,1,0,0,1,1,0,1,0,1,1
4/15/2016 11:45:00 PM,0,0,0,0,0,0,0,0,0,0,0,0,0,0,0,0,0,0,0,0,0,0,0,0
4/15/2016 12:00:00 AM,0,0,0,0,0,0,0,0,0,0,0,0,0,0,0,0,0,0,0,0,0,0,0,0
4/15/2016 12:00:00 PM,1,0,1,1,1,0,1,1,0,1,0,1,0,0,0,0,0,1,1,0,1,0,1,1
4/15/2016 12:15:00 AM,0,0,0,0,0,0,0,0,0,0,0,0,0,0,0,0,0,0,0,0,0,0,0,0
4/15/2016 12:15:00 PM,1,0,1,1,1,0,1,1,0,1,0,1,0,0,0,0,0,1,1,0,1,0,0,1
4/15/2016 12:30:00 AM,0,0,0,0,0,0,0,0,0,0,0,0,0,0,0,0,0,0,0,0,0,0,0,0
4/15/2016 12:30:00 PM,1,0,1,1,0,0,1,1,0,1,0,1,0,0,0,0,0,1,1,0,1,0,0,1
4/15/2016 12:45:00 AM,0,0,0,0,0,0,0,0,0,0,0,0,0,0,0,0,0,0,0,0,0,0,0,0
4/15/2016 12:45:00 PM,1,0,1,1,0,0,1,1,0,1,0,1,0,0,0,0,0,1,1,0,0,0,0,1
4/15/2016 2:00:00 AM,0,0,0,0,0,0,0,0,0,0,1,0,0,0,0,0,0,0,0,0,0,0,0,0
4/15/2016 2:00:00 PM,1,0,1,1,0,0,0,1,0,0,0,0,0,0,0,0,0,0,0,0,0,0,0,1
4/15/2016 2:15:00 AM,0,0,1,0,0,0,0,0,0,0,1,0,0,0,0,0,0,0,0,0,0,0,0,0
4/15/2016 2:15:00 PM,1,0,1,1,0,0,0,1,0,0,0,0,0,0,0,0,0,0,0,0,0,0,0,1
4/15/2016 2:30:00 AM,0,0,1,0,0,0,0,0,0,0,1,0,0,0,0,0,0,0,0,0,0,0,0,0
4/15/2016 2:30:00 PM,1,0,1,1,0,0,0,1,0,0,0,0,0,0,0,0,0,0,0,0,0,0,0,1
4/15/2016 2:45:00 AM,0,0,1,0,1,0,0,0,0,0,1,0,0,0,0,0,0,0,0,0,0,0,0,0
4/15/2016 2:45:00 PM,1,0,1,1,0,0,0,1,0,0,0,0,0,0,0,0,0,0,0,0,0,0,0,1
4/15/2016 3:00:00 AM,0,0,1,0,1,0,0,0,0,0,1,0,0,0,0,0,0,0,0,0,0,0,1,0
4/15/2016 3:00:00 PM,1,0,1,1,0,0,0,1,0,0,0,0,0,0,0,0,0,0,0,0,0,0,0,1
4/15/2016 3:15:00 AM,0,0,1,0,1,0,0,0,0,0,1,0,0,0,0,0,0,0,0,0,0,0,1,0
4/15/2016 3:15:00 PM,1,0,1,0,0,0,0,1,0,0,0,0,0,0,0,0,0,0,0,0,0,0,0,1
4/15/2016 3:30:00 AM,0,0,1,0,1,0,0,0,0,0,1,0,0,0,0,0,0,0,0,0,0,0,1,0
4/15/2016 3:30:00 PM,1,0,1,0,0,0,0,1,0,0,0,0,0,0,0,0,0,0,0,0,0,0,0,1
4/15/2016 3:45:00 AM,0,0,1,0,1,0,0,0,0,0,1,0,0,0,0,0,0,0,0,0,0,0,1,0
4/15/2016 3:45:00 PM,1,0,1,0,0,0,0,1,0,0,0,0,0,0,0,0,0,0,0,0,0,0,0,0
4/15/2016 4:00:00 AM,0,0,1,0,1,0,0,0,0,0,1,0,0,0,0,0,0,0,0,0,0,0,1,0
4/15/2016 4:00:00 PM,1,0,1,0,0,0,0,1,0,0,0,0,0,0,0,0,0,0,0,0,0,0,0,0
4/15/2016 4:15:00 AM,0,0,1,0,1,0,1,0,0,0,1,0,0,0,0,1,0,0,0,0,0,0,1,0
4/15/2016 4:15:00 PM,1,0,1,0,0,0,0,1,0,0,0,0,0,0,0,0,0,0,0,0,0,0,0,0
4/15/2016 4:30:00 AM,0,0,1,0,1,0,1,0,0,0,1,0,0,0,0,1,0,0,0,0,0,0,1,0
4/15/2016 4:30:00 PM,0,0,1,0,0,0,0,1,0,0,0,0,0,0,0,0,0,0,0,0,0,0,0,0
4/15/2016 4:45:00 AM,0,0,1,0,1,0,1,0,0,0,1,0,0,0,0,1,0,0,0,0,0,0,1,0
4/15/2016 4:45:00 PM,0,0,1,0,0,0,0,1,0,0,0,0,0,0,0,0,0,0,0,0,0,0,0,0
4/15/2016 5:00:00 AM,0,0,1,1,1,0,1,0,0,0,1,0,0,0,1,1,0,0,0,0,0,0,1,0
4/15/2016 5:00:00 PM,0,0,1,0,0,0,0,1,0,0,0,0,0,0,0,0,0,0,0,0,0,0,0,0
4/15/2016 5:15:00 AM,0,0,1,1,1,0,1,0,0,1,1,0,0,0,1,1,0,0,0,0,0,0,1,0
4/15/2016 5:15:00 PM,0,0,1,0,0,0,0,1,0,0,0,0,0,0,0,0,0,0,0,0,0,0,0,0
4/15/2016 5:30:00 AM,0,0,1,1,1,0,1,0,0,1,1,0,0,1,1,1,0,0,0,0,0,0,1,0
4/15/2016 5:30:00 PM,0,0,1,0,0,0,0,0,0,0,0,0,0,0,0,0,0,0,0,0,0,0,0,0
4/15/2016 5:45:00 AM,0,0,1,1,1,0,1,0,0,1,1,0,0,1,1,1,0,0,0,0,0,0,1,0
4/15/2016 5:45:00 PM,0,0,1,0,0,0,0,0,0,0,0,0,0,0,0,0,0,0,0,0,0,0,0,0
4/15/2016 6:00:00 AM,0,0,1,1,1,0,1,0,0,1,1,0,0,1,1,1,0,1,0,0,0,0,1,0
4/15/2016 6:00:00 PM,0,0,1,0,0,0,0,0,0,0,0,0,0,0,0,0,0,0,0,0,0,0,0,0
4/15/2016 6:15:00 AM,0,0,1,1,1,0,1,0,0,1,1,0,0,1,1,1,0,1,1,0,1,0,1,0
4/15/2016 6:15:00 PM,0,0,1,0,0,0,0,0,0,0,0,0,0,0,0,0,0,0,0,0,0,0,0,0
4/15/2016 6:30:00 AM,0,0,1,1,1,0,1,0,0,1,1,1,0,1,1,1,0,1,1,0,1,0,1,0
4/15/2016 6:30:00 PM,0,0,0,0,0,0,0,0,0,0,0,0,0,0,0,0,0,0,0,0,0,0,0,0
4/15/2016 6:45:00 AM,0,0,1,1,1,0,1,0,0,1,1,1,0,1,1,1,0,1,1,0,1,0,1,0
4/15/2016 6:45:00 PM,0,0,0,0,0,0,0,0,0,0,0,0,0,0,0,0,0,0,0,0,0,0,0,0
4/15/2016 7:00:00 AM,0,0,1,1,1,0,1,0,0,1,1,1,0,1,1,1,0,1,1,0,1,0,1,0
4/15/2016 7:00:00 PM,0,0,0,0,0,0,0,0,0,0,0,0,0,0,0,0,0,0,0,0,0,0,0,0
4/15/2016 7:15:00 AM,0,0,1,1,1,0,1,0,0,1,1,1,0,1,1,1,0,1,1,0,1,0,1,0
4/15/2016 7:15:00 PM,0,0,0,0,0,0,0,0,0,0,0,0,0,0,0,0,0,0,0,0,0,0,0,0
4/15/2016 7:30:00 AM,0,0,1,1,1,0,1,0,0,1,1,1,0,1,1,1,0,1,1,0,1,0,1,0
4/15/2016 7:30:00 PM,0,0,0,0,0,0,0,0,0,0,0,0,0,0,0,0,0,0,0,0,0,0,0,0
4/15/2016 7:45:00 AM,0,0,1,1,1,0,1,0,0,1,1,0,0,1,1,1,0,1,1,0,1,0,1,0
4/15/2016 7:45:00 PM,0,0,0,0,0,0,0,0,0,0,0,0,0,0,0,0,0,0,0,0,0,0,0,0
4/15/2016 8:00:00 AM,0,0,1,1,1,0,1,1,0,1,1,1,0,1,1,1,0,1,1,0,1,0,1,0
4/15/2016 8:00:00 PM,0,0,0,0,0,0,0,0,0,0,0,0,0,0,0,0,0,0,0,0,0,0,0,0
4/15/2016 8:15:00 AM,0,0,1,1,1,0,1,1,0,1,1,1,0,1,1,1,0,1,1,0,1,0,1,0
4/15/2016 8:15:00 PM,0,0,0,0,0,0,0,0,0,0,0,0,0,0,0,0,0,0,0,0,0,0,0,0
4/15/2016 8:30:00 AM,0,0,1,1,1,0,1,1,0,1,1,1,0,1,1,1,0,1,1,0,1,0,1,0
4/15/2016 8:30:00 PM,0,0,0,0,0,0,0,0,0,0,0,0,0,0,0,0,0,0,0,0,0,0,0,0
4/15/2016 8:45:00 AM,1,0,1,1,1,0,1,1,0,1,1,1,0,1,1,1,0,1,1,0,1,0,1,0
4/15/2016 8:45:00 PM,0,0,0,0,0,0,0,0,0,0,0,0,0,0,0,0,0,0,0,0,0,0,0,0
4/15/2016 9:00:00 AM,1,0,1,1,1,0,1,1,0,1,1,1,0,1,1,1,0,1,1,0,1,0,1,0
4/15/2016 9:00:00 PM,0,0,0,0,0,0,0,0,0,0,0,0,0,0,0,0,0,0,0,0,0,0,0,0
4/15/2016 9:15:00 AM,1,0,1,1,1,0,1,1,0,1,1,1,0,1,1,1,0,1,1,0,1,0,1,1
4/15/2016 9:15:00 PM,0,0,0,0,0,0,0,0,0,0,0,0,0,0,0,0,0,0,0,0,0,0,0,0
4/15/2016 9:30:00 AM,1,0,1,1,1,0,1,1,0,1,1,1,0,1,1,1,0,1,1,0,1,0,1,1
4/15/2016 9:30:00 PM,0,0,0,0,0,0,0,0,0,0,0,0,0,0,0,0,0,0,0,0,0,0,0,0
4/15/2016 9:45:00 AM,1,0,1,1,1,0,1,1,0,1,1,1,0,1,1,1,0,1,1,0,1,0,1,1
4/15/2016 9:45:00 PM,0,0,0,0,0,0,0,0,0,0,0,0,0,0,0,0,0,0,0,0,0,0,0,0
4/16/2016 1:00:00 AM,0,0,0,0,0,0,0,0,0,0,0,0,0,0,0,0,0,0,0,0,0,0,0,0
4/16/2016 1:00:00 PM,1,0,0,0,0,0,0,1,0,1,0,1,0,1,1,0,1,0,1,0,0,0,1,0
4/16/2016 1:15:00 AM,0,0,0,0,0,0,0,0,0,0,0,0,0,0,0,0,0,0,0,0,0,0,0,0
4/16/2016 1:15:00 PM,1,0,0,0,0,0,0,1,0,1,0,1,0,0,1,0,1,0,1,0,0,0,1,0
4/16/2016 1:30:00 AM,0,0,0,0,0,0,0,0,0,0,0,0,0,0,0,0,0,0,0,0,0,0,0,0
4/16/2016 1:30:00 PM,1,0,0,0,0,0,0,1,0,1,0,1,0,0,1,0,0,0,1,0,0,0,1,0
4/16/2016 1:45:00 AM,0,0,0,0,0,0,0,0,0,0,0,0,0,0,0,0,0,0,0,0,0,0,0,0
4/16/2016 1:45:00 PM,1,0,0,0,0,0,0,1,0,1,0,1,0,0,1,0,0,0,0,0,0,0,1,0
4/16/2016 10:00:00 AM,1,0,0,0,1,0,0,1,0,1,1,1,0,1,1,1,1,0,1,0,0,0,1,0
4/16/2016 10:00:00 PM,0,0,0,0,0,0,0,0,0,0,1,0,0,0,0,0,0,0,0,0,0,0,0,0
4/16/2016 10:15:00 AM,1,0,0,0,1,0,0,1,0,1,1,1,0,1,1,1,1,0,1,0,0,0,1,0
4/16/2016 10:15:00 PM,0,0,0,0,0,0,0,0,0,0,1,0,0,0,0,0,0,0,0,0,0,0,0,0
4/16/2016 10:30:00 AM,1,0,0,0,1,0,0,1,0,1,1,1,0,1,1,1,1,0,1,0,0,0,1,0
4/16/2016 10:30:00 PM,0,0,0,0,0,0,0,0,0,0,1,0,0,0,0,0,0,0,0,0,0,0,0,0
4/16/2016 10:45:00 AM,1,0,0,0,1,0,0,1,0,1,1,1,0,1,1,1,1,0,1,0,0,0,1,0
4/16/2016 10:45:00 PM,0,0,0,0,0,0,0,0,0,0,0,0,0,0,0,0,0,0,0,0,0,0,0,0
4/16/2016 11:00:00 AM,1,0,0,0,1,0,0,1,0,1,1,1,0,1,1,1,1,0,1,0,0,0,1,0
4/16/2016 11:00:00 PM,0,0,0,0,0,0,0,0,0,0,0,0,0,0,0,0,0,0,0,0,0,0,0,0
4/16/2016 11:15:00 AM,1,0,0,0,1,0,0,1,0,1,1,1,0,1,1,1,1,0,1,0,0,0,1,0
4/16/2016 11:15:00 PM,0,0,0,0,0,0,0,0,0,0,0,0,0,0,0,0,0,0,0,0,0,0,0,0
4/16/2016 11:30:00 AM,1,0,0,0,1,0,0,1,0,1,1,1,0,1,1,1,1,0,1,0,0,0,1,0
4/16/2016 11:30:00 PM,0,0,0,0,0,0,0,0,0,0,0,0,0,0,0,0,0,0,0,0,0,0,0,0
4/16/2016 11:45:00 AM,1,0,0,0,1,0,0,1,0,1,1,1,0,1,1,1,1,0,1,0,0,0,1,0
4/16/2016 11:45:00 PM,0,0,0,0,0,0,0,0,0,0,0,0,0,0,0,0,0,0,0,0,0,0,0,0
4/16/2016 12:00:00 AM,0,0,0,0,0,0,0,0,0,0,0,0,0,0,0,0,0,0,0,0,0,0,0,0
4/16/2016 12:00:00 PM,1,0,0,0,1,0,0,1,0,1,1,1,0,1,1,1,1,0,1,0,0,0,1,0
4/16/2016 12:15:00 AM,0,0,0,0,0,0,0,0,0,0,0,0,0,0,0,0,0,0,0,0,0,0,0,0
4/16/2016 12:15:00 PM,1,0,0,0,1,0,0,1,0,1,1,1,0,1,1,1,1,0,1,0,0,0,1,0
4/16/2016 12:30:00 AM,0,0,0,0,0,0,0,0,0,0,0,0,0,0,0,0,0,0,0,0,0,0,0,0
4/16/2016 12:30:00 PM,1,0,0,0,0,0,0,1,0,1,0,1,0,1,1,0,1,0,1,0,0,0,1,0
4/16/2016 12:45:00 AM,0,0,0,0,0,0,0,0,0,0,0,0,0,0,0,0,0,0,0,0,0,0,0,0
4/16/2016 12:45:00 PM,1,0,0,0,0,0,0,1,0,1,0,1,0,1,1,0,1,0,1,0,0,0,1,0
4/16/2016 2:00:00 AM,0,0,0,0,0,0,0,0,0,0,0,0,0,0,0,0,0,0,0,0,0,0,0,0
4/16/2016 2:00:00 PM,1,0,0,0,0,0,0,1,0,1,0,1,0,0,1,0,0,0,0,0,0,0,0,0
4/16/2016 2:15:00 AM,0,0,0,0,0,0,0,0,0,0,0,0,0,0,0,0,0,0,0,0,0,0,0,0
4/16/2016 2:15:00 PM,1,0,0,0,0,0,0,1,0,1,0,1,0,0,1,0,0,0,0,0,0,0,0,0
4/16/2016 2:30:00 AM,0,0,0,0,0,0,0,0,0,0,0,0,0,0,0,0,0,0,0,0,0,0,0,0
4/16/2016 2:30:00 PM,0,0,0,0,0,0,0,1,0,1,0,1,0,0,1,0,0,0,0,0,0,0,0,0
4/16/2016 2:45:00 AM,0,0,0,0,0,0,0,0,0,0,0,0,0,0,0,0,0,0,0,0,0,0,0,0
4/16/2016 2:45:00 PM,0,0,0,0,0,0,0,0,0,1,0,1,0,0,1,0,0,0,0,0,0,0,0,0
4/16/2016 3:00:00 AM,0,0,0,0,1,0,0,0,0,0,0,0,0,0,0,0,0,0,0,0,0,0,0,0
4/16/2016 3:00:00 PM,0,0,0,0,0,0,0,0,0,0,0,1,0,0,1,0,0,0,0,0,0,0,0,0
4/16/2016 3:15:00 AM,0,0,0,0,1,0,0,0,0,0,0,0,0,0,0,0,0,0,0,0,0,0,0,0
4/16/2016 3:15:00 PM,0,0,0,0,0,0,0,0,0,0,0,1,0,0,1,0,0,0,0,0,0,0,0,0
4/16/2016 3:30:00 AM,0,0,0,0,1,0,0,0,0,0,0,0,0,0,0,0,0,0,0,0,0,0,0,0
4/16/2016 3:30:00 PM,0,0,0,0,0,0,0,0,0,0,0,1,0,0,0,0,0,0,0,0,0,0,0,0
4/16/2016 3:45:00 AM,0,0,0,0,1,0,0,0,0,0,0,0,0,0,0,0,0,0,0,0,0,0,0,0
4/16/2016 3:45:00 PM,0,0,0,0,0,0,0,0,0,0,0,1,0,0,0,0,0,0,0,0,0,0,0,0
4/16/2016 4:00:00 AM,0,0,0,0,1,0,0,0,0,0,0,0,0,0,0,0,0,0,0,0,0,0,0,0
4/16/2016 4:00:00 PM,0,0,0,0,0,0,0,0,0,0,0,0,0,0,0,0,0,0,0,0,0,0,0,0
4/16/2016 4:15:00 AM,0,0,0,0,1,0,0,0,0,0,0,0,0,0,0,0,0,0,0,0,0,0,0,0
4/16/2016 4:15:00 PM,0,0,0,0,0,0,0,0,0,0,0,0,0,0,0,0,0,0,0,0,0,0,0,0
4/16/2016 4:30:00 AM,0,0,0,0,1,0,0,0,0,0,0,0,0,0,0,0,0,0,0,0,0,0,0,0
4/16/2016 4:30:00 PM,0,0,0,0,0,0,0,0,0,0,0,0,0,0,0,0,0,0,0,0,0,0,0,0
4/16/2016 4:45:00 AM,0,0,0,0,1,0,0,0,0,0,0,0,0,0,0,1,0,0,0,0,0,0,1,0
4/16/2016 4:45:00 PM,0,0,0,0,0,0,0,0,0,0,0,0,0,0,0,0,0,0,0,0,0,0,0,0
4/16/2016 5:00:00 AM,0,0,0,0,1,0,0,0,0,0,0,0,0,0,1,1,0,0,0,0,0,0,1,0
4/16/2016 5:00:00 PM,0,0,0,0,0,0,0,0,0,0,0,0,0,0,0,0,0,0,0,0,0,0,0,0
4/16/2016 5:15:00 AM,0,0,0,0,1,0,0,0,0,0,0,0,0,0,1,1,0,0,0,0,0,0,1,0
4/16/2016 5:15:00 PM,0,0,0,0,0,0,0,0,0,0,0,0,0,0,1,0,0,0,0,0,0,0,0,0
4/16/2016 5:30:00 AM,0,0,0,0,1,0,0,0,0,0,0,0,0,0,1,1,0,0,0,0,0,0,1,0
4/16/2016 5:30:00 PM,0,0,0,0,0,0,0,0,0,0,0,0,0,0,1,0,0,0,0,0,0,0,0,0
4/16/2016 5:45:00 AM,0,0,0,0,1,0,0,0,0,0,1,0,0,0,1,1,0,0,0,0,0,0,1,0
4/16/2016 5:45:00 PM,0,0,0,0,0,0,0,0,0,0,0,0,0,0,1,0,0,0,0,0,0,0,0,0
4/16/2016 6:00:00 AM,0,0,0,0,1,0,0,1,0,1,1,0,0,1,1,1,0,0,0,0,0,0,1,0
4/16/2016 6:00:00 PM,0,0,0,0,0,0,0,0,0,0,0,0,0,0,1,0,0,0,0,0,0,0,0,0
4/16/2016 6:15:00 AM,0,0,0,0,1,0,0,1,0,1,1,0,0,1,1,1,0,0,0,0,0,0,1,0
4/16/2016 6:15:00 PM,0,0,0,0,0,0,0,0,0,0,0,0,0,0,1,0,0,0,0,0,0,0,0,0
4/16/2016 6:30:00 AM,0,0,0,0,1,0,0,1,0,1,1,0,0,1,1,1,0,0,0,0,0,0,1,0
4/16/2016 6:30:00 PM,0,0,0,0,0,0,0,0,0,0,0,0,0,0,0,0,0,0,0,0,0,0,0,0
4/16/2016 6:45:00 AM,0,0,0,0,1,0,0,1,0,1,1,0,0,1,1,1,1,0,0,0,0,0,1,0
4/16/2016 6:45:00 PM,0,0,0,0,0,0,0,0,0,0,0,0,0,0,0,0,0,0,0,0,0,0,0,0
4/16/2016 7:00:00 AM,0,0,0,0,1,0,0,1,0,1,1,0,0,1,1,1,1,0,0,0,0,0,1,0
4/16/2016 7:00:00 PM,0,0,0,0,0,0,0,0,0,0,0,0,0,0,0,0,0,0,0,0,0,0,0,0
4/16/2016 7:15:00 AM,0,0,0,0,1,0,0,1,0,1,1,0,0,1,1,1,1,0,0,0,0,0,1,0
4/16/2016 7:15:00 PM,0,0,0,0,0,0,0,0,0,0,0,0,0,0,0,0,0,0,0,0,0,0,0,0
4/16/2016 7:30:00 AM,0,0,0,0,1,0,0,1,1,1,1,1,0,1,1,1,1,0,1,0,0,0,1,0
4/16/2016 7:30:00 PM,0,0,0,0,0,0,0,0,0,0,0,0,0,0,0,0,0,0,0,0,0,0,0,0
4/16/2016 7:45:00 AM,0,0,0,0,1,0,0,1,1,1,1,1,0,1,1,1,1,0,1,0,0,0,1,0
4/16/2016 7:45:00 PM,0,0,0,0,0,0,0,0,0,0,0,0,0,0,0,0,0,0,0,0,0,0,0,0
4/16/2016 8:00:00 AM,1,0,0,0,1,0,0,1,1,1,1,1,0,1,1,1,1,0,1,0,0,0,1,0
4/16/2016 8:00:00 PM,0,0,0,0,0,0,0,0,0,0,0,0,0,0,0,0,0,0,0,1,0,0,0,0
4/16/2016 8:15:00 AM,1,0,0,0,1,0,0,1,1,1,1,1,0,1,1,1,1,0,1,0,0,0,1,0
4/16/2016 8:15:00 PM,0,0,0,0,0,0,0,0,0,0,0,0,0,0,0,0,0,0,0,1,0,0,0,0
4/16/2016 8:30:00 AM,1,0,0,0,1,0,0,1,1,1,1,1,0,1,1,1,1,0,1,0,0,0,1,0
4/16/2016 8:30:00 PM,0,0,0,0,0,0,0,0,0,0,0,0,0,0,0,0,0,0,0,1,0,0,0,0
4/16/2016 8:45:00 AM,1,0,0,0,1,0,0,1,1,1,1,1,0,1,1,1,1,0,1,0,0,0,1,0
4/16/2016 8:45:00 PM,0,0,0,0,0,0,0,0,0,0,0,0,0,0,0,0,0,0,0,1,0,0,0,0
4/16/2016 9:00:00 AM,1,0,0,0,1,0,0,1,0,1,1,1,0,1,1,1,1,0,1,0,0,0,1,0
4/16/2016 9:00:00 PM,0,0,0,0,0,0,0,0,0,0,0,0,0,0,0,0,0,0,0,1,0,0,0,0
4/16/2016 9:15:00 AM,1,0,0,0,1,0,0,1,0,1,1,1,0,1,1,1,1,0,1,0,0,0,1,0
4/16/2016 9:15:00 PM,0,0,0,0,0,0,0,0,0,0,0,0,0,0,0,0,0,0,0,1,0,0,0,0
4/16/2016 9:30:00 AM,1,0,0,0,1,0,0,1,0,1,1,1,0,1,1,1,1,0,1,0,0,0,1,0
4/16/2016 9:30:00 PM,0,0,0,0,0,0,0,0,0,0,1,0,0,0,0,0,0,0,0,0,0,0,0,0
4/16/2016 9:45:00 AM,1,0,0,0,1,0,0,1,0,1,1,1,0,1,1,1,1,0,1,0,0,0,1,0
4/16/2016 9:45:00 PM,0,0,0,0,0,0,0,0,0,0,1,0,0,0,0,0,0,0,0,0,0,0,0,0
4/17/2016 1:00:00 AM,0,0,0,0,0,0,0,0,0,0,0,0,0,0,0,0,0,0,0,0,0,0,0,0
4/17/2016 1:00:00 PM,1,0,0,0,0,0,1,1,0,0,0,0,0,1,1,0,1,0,1,0,0,0,1,0
4/17/2016 1:15:00 AM,0,0,0,0,0,0,0,0,0,0,0,0,0,0,0,0,0,0,0,0,0,0,0,0
4/17/2016 1:15:00 PM,1,0,0,0,0,0,1,1,0,0,0,0,0,1,1,0,1,0,1,0,0,0,0,0
4/17/2016 1:30:00 AM,0,0,0,0,0,0,0,0,0,0,0,0,0,0,0,0,0,0,0,0,0,0,0,0
4/17/2016 1:30:00 PM,1,0,0,0,0,0,1,1,0,0,0,0,0,1,1,0,1,0,1,0,0,0,0,0
4/17/2016 1:45:00 AM,0,0,0,0,0,0,0,0,0,0,0,0,0,0,0,0,0,0,0,0,0,0,0,0
4/17/2016 1:45:00 PM,1,0,0,0,0,0,1,1,0,0,0,0,0,1,1,0,0,0,0,0,0,0,0,0
4/17/2016 10:00:00 AM,1,0,0,0,1,0,1,1,0,0,1,1,0,1,1,1,1,0,1,0,0,0,1,0
4/17/2016 10:00:00 PM,0,0,0,0,0,0,0,0,0,0,0,0,0,0,0,0,1,0,0,0,0,0,0,0
4/17/2016 10:15:00 AM,1,0,0,0,1,0,1,1,0,0,1,0,0,1,1,1,1,0,1,0,0,0,1,0
4/17/2016 10:15:00 PM,0,0,0,0,0,0,0,0,0,0,0,0,0,0,0,0,1,0,0,0,0,0,0,0
4/17/2016 10:30:00 AM,1,0,0,0,1,0,1,1,0,0,1,0,0,1,1,1,1,0,1,0,0,0,1,0
4/17/2016 10:30:00 PM,0,0,0,0,0,0,0,0,0,0,0,0,0,0,0,0,1,0,0,0,0,0,0,0
4/17/2016 10:45:00 AM,1,0,0,0,1,0,1,1,0,0,1,0,0,1,1,1,1,0,1,0,0,0,1,0
4/17/2016 10:45:00 PM,0,0,0,0,0,0,0,0,0,0,0,0,0,0,0,0,1,0,0,0,0,0,0,0
4/17/2016 11:00:00 AM,1,0,0,0,1,0,1,1,0,0,1,0,0,1,1,1,1,0,1,0,0,0,1,0
4/17/2016 11:00:00 PM,0,0,0,0,0,0,0,0,0,0,0,0,0,0,0,0,1,0,0,0,0,0,0,0
4/17/2016 11:15:00 AM,1,0,0,0,1,0,1,1,0,0,1,0,0,1,1,1,1,0,1,0,0,0,1,0
4/17/2016 11:15:00 PM,0,0,0,0,0,0,0,0,0,0,0,0,0,0,0,0,0,0,0,0,0,0,0,0
4/17/2016 11:30:00 AM,1,0,0,0,0,0,1,1,0,0,1,0,0,1,1,1,1,0,1,0,0,0,1,0
4/17/2016 11:30:00 PM,0,0,0,0,0,0,0,0,0,0,0,0,0,0,0,0,0,0,0,0,0,0,0,0
4/17/2016 11:45:00 AM,1,0,0,0,0,0,1,1,0,0,1,0,0,1,1,1,1,0,1,0,0,0,1,0
4/17/2016 11:45:00 PM,0,0,0,0,0,0,0,0,0,0,0,0,0,0,0,0,0,0,0,0,0,0,0,0
4/17/2016 12:00:00 AM,0,0,0,0,0,0,0,0,0,0,0,0,0,0,0,0,0,0,0,0,0,0,0,0
4/17/2016 12:00:00 PM,1,0,0,0,0,0,1,1,0,0,1,0,0,1,1,1,1,0,1,0,0,0,1,0
4/17/2016 12:15:00 AM,0,0,0,0,0,0,0,0,0,0,0,0,0,0,0,0,0,0,0,0,0,0,0,0
4/17/2016 12:15:00 PM,1,0,0,0,0,0,1,1,0,0,1,0,0,1,1,1,1,0,1,0,0,0,1,0
4/17/2016 12:30:00 AM,0,0,0,0,0,0,0,0,0,0,0,0,0,0,0,0,0,0,0,0,0,0,0,0
4/17/2016 12:30:00 PM,1,0,0,0,0,0,1,1,0,0,0,0,0,1,1,0,1,0,1,0,0,0,1,0
4/17/2016 12:45:00 AM,0,0,0,0,0,0,0,0,0,0,0,0,0,0,0,0,0,0,0,0,0,0,0,0
4/17/2016 12:45:00 PM,1,0,0,0,0,0,1,1,0,0,0,0,0,1,1,0,1,0,1,0,0,0,1,0
4/17/2016 2:00:00 AM,0,0,0,0,0,0,0,0,0,0,0,0,0,0,0,0,0,0,0,0,0,0,0,0
4/17/2016 2:00:00 PM,1,0,0,0,0,0,1,1,0,0,0,0,0,1,1,0,0,0,0,0,0,0,0,0
4/17/2016 2:15:00 AM,0,0,0,0,0,0,0,0,0,0,0,0,0,0,0,0,0,0,0,0,0,0,0,0
4/17/2016 2:15:00 PM,1,0,0,0,0,0,1,1,0,0,0,0,0,1,1,0,0,0,0,0,0,0,0,0
4/17/2016 2:30:00 AM,0,0,0,0,0,0,0,0,0,0,0,0,0,0,0,0,0,0,0,0,0,0,0,0
4/17/2016 2:30:00 PM,1,0,0,0,0,0,1,1,0,0,0,0,0,0,1,0,0,0,0,0,0,0,0,0
4/17/2016 2:45:00 AM,0,0,0,0,0,0,0,0,0,0,0,0,0,0,0,1,0,0,0,0,0,0,0,0
4/17/2016 2:45:00 PM,1,0,0,0,0,0,1,1,0,0,0,0,0,0,1,0,0,0,0,0,0,0,0,0
4/17/2016 3:00:00 AM,0,0,0,0,1,0,0,0,0,0,0,0,0,0,0,1,0,0,0,0,0,0,1,0
4/17/2016 3:00:00 PM,1,0,0,0,0,0,0,1,0,0,0,0,0,0,1,0,0,0,0,0,0,0,0,0
4/17/2016 3:15:00 AM,0,0,0,0,1,0,0,0,0,0,0,0,0,0,0,1,0,0,0,0,0,0,1,0
4/17/2016 3:15:00 PM,1,0,0,0,0,0,0,1,0,0,0,0,0,0,0,0,0,0,0,0,0,0,0,0
4/17/2016 3:30:00 AM,0,0,0,0,1,0,0,0,0,0,0,0,0,0,0,1,0,0,0,0,0,0,1,0
4/17/2016 3:30:00 PM,1,0,0,0,0,0,0,1,0,0,0,0,0,0,0,0,0,0,0,0,0,0,0,0
4/17/2016 3:45:00 AM,0,0,0,0,1,0,0,0,0,0,1,0,0,0,0,1,0,0,0,0,0,0,1,0
4/17/2016 3:45:00 PM,1,0,0,0,0,0,0,1,0,0,0,0,0,0,0,0,0,0,0,0,0,0,0,0
4/17/2016 4:00:00 AM,0,0,0,0,1,0,0,0,0,0,1,0,0,1,0,1,0,0,0,0,0,0,1,0
4/17/2016 4:00:00 PM,1,0,0,0,0,0,0,0,0,0,0,0,0,0,0,0,0,0,0,0,0,0,0,0
4/17/2016 4:15:00 AM,0,0,0,0,1,0,0,0,0,0,1,0,0,1,0,1,0,0,0,0,0,0,1,0
4/17/2016 4:15:00 PM,1,0,0,0,0,0,0,0,0,0,0,0,0,0,0,0,0,0,0,0,0,0,0,0
4/17/2016 4:30:00 AM,0,0,0,0,1,0,0,0,0,0,1,0,0,1,0,1,0,0,0,0,0,0,1,0
4/17/2016 4:30:00 PM,1,0,0,0,0,0,0,0,0,0,0,0,0,0,0,0,0,0,0,0,0,0,0,0
4/17/2016 4:45:00 AM,0,0,0,0,1,0,1,0,0,0,1,0,0,1,0,1,0,0,0,0,0,0,1,0
4/17/2016 4:45:00 PM,1,0,0,0,0,0,0,0,0,0,0,0,0,0,0,0,0,0,0,0,0,0,0,0
4/17/2016 5:00:00 AM,0,0,0,0,1,0,1,0,0,0,1,0,0,1,0,1,0,0,0,0,0,0,1,0
4/17/2016 5:00:00 PM,1,0,0,0,0,0,0,0,0,0,0,0,0,0,0,0,0,0,0,0,0,0,0,0
4/17/2016 5:15:00 AM,1,0,0,0,1,0,1,0,0,0,1,0,0,1,0,1,0,0,0,0,0,0,1,0
4/17/2016 5:15:00 PM,1,0,0,0,0,0,0,0,0,0,0,0,0,0,0,0,0,0,0,0,0,0,0,0
4/17/2016 5:30:00 AM,1,0,0,0,1,0,1,0,0,0,1,0,0,1,0,1,0,0,0,0,0,0,1,0
4/17/2016 5:30:00 PM,0,0,0,0,0,0,0,0,0,0,0,0,0,0,0,0,0,0,0,0,0,0,0,0
4/17/2016 5:45:00 AM,1,0,0,0,1,0,1,0,0,0,1,0,0,1,0,1,0,0,0,0,0,0,1,0
4/17/2016 5:45:00 PM,0,0,0,0,0,0,0,0,0,0,0,0,0,0,0,0,0,0,0,0,0,0,0,0
4/17/2016 6:00:00 AM,1,0,0,0,1,0,1,0,0,0,1,0,0,1,0,1,0,0,1,0,0,0,1,0
4/17/2016 6:00:00 PM,0,0,0,0,0,0,0,0,0,0,0,0,0,0,0,0,0,0,0,0,0,0,0,0
4/17/2016 6:15:00 AM,1,0,0,0,1,0,1,1,0,0,1,0,0,1,0,1,0,0,1,0,0,0,1,0
4/17/2016 6:15:00 PM,0,0,0,0,0,0,0,0,0,0,0,0,0,0,0,0,0,0,0,0,0,0,0,0
4/17/2016 6:30:00 AM,1,0,0,0,1,0,1,1,0,0,1,0,0,1,0,1,0,0,1,0,0,0,1,0
4/17/2016 6:30:00 PM,0,0,0,0,0,0,0,0,0,0,0,0,0,0,0,0,0,0,0,0,0,0,0,0
4/17/2016 6:45:00 AM,1,0,0,0,1,0,1,1,0,0,1,0,0,1,0,1,0,0,1,0,0,0,1,0
4/17/2016 6:45:00 PM,0,0,0,0,0,0,0,0,0,0,0,0,0,0,0,0,0,0,0,0,0,0,0,0
4/17/2016 7:00:00 AM,1,0,0,0,1,0,1,1,0,0,1,0,0,1,0,1,0,0,1,0,0,0,1,0
4/17/2016 7:00:00 PM,0,0,0,0,0,0,0,0,0,0,0,0,0,0,0,0,0,0,0,0,0,0,0,0
4/17/2016 7:15:00 AM,1,0,0,0,1,0,1,1,0,0,1,0,0,1,0,1,0,0,1,0,0,0,1,0
4/17/2016 7:15:00 PM,0,0,0,0,0,0,0,0,0,0,1,0,0,0,0,0,0,0,0,0,0,0,0,0
4/17/2016 7:30:00 AM,1,0,0,0,1,0,1,1,0,0,1,0,0,1,0,1,0,0,1,0,0,0,1,0
4/17/2016 7:30:00 PM,0,0,0,0,0,0,0,0,0,0,1,0,0,0,0,0,0,0,0,0,0,0,0,0
4/17/2016 7:45:00 AM,1,0,0,0,1,0,1,1,0,0,1,0,0,1,0,1,0,0,1,0,0,0,1,0
4/17/2016 7:45:00 PM,0,0,0,0,0,0,0,0,0,0,1,0,0,0,0,0,0,0,0,0,0,0,1,0
4/17/2016 8:00:00 AM,1,0,0,0,1,0,1,1,0,0,1,0,0,1,0,1,0,0,1,0,0,0,1,0
4/17/2016 8:00:00 PM,0,0,0,0,0,0,0,0,0,0,1,0,0,0,0,0,0,0,0,0,0,0,1,0
4/17/2016 8:15:00 AM,1,0,0,0,1,0,1,1,0,0,1,1,0,1,1,1,0,0,1,0,0,0,1,0
4/17/2016 8:15:00 PM,0,0,0,0,0,0,0,0,0,0,1,0,0,0,0,0,0,0,0,0,0,0,1,0
4/17/2016 8:30:00 AM,1,0,0,0,1,0,1,1,0,0,1,1,0,1,1,1,0,0,1,0,0,0,1,0
4/17/2016 8:30:00 PM,0,0,0,0,0,0,0,0,0,0,1,0,0,0,0,0,0,0,0,0,0,0,1,0
4/17/2016 8:45:00 AM,1,0,0,0,1,0,1,1,0,0,1,1,0,1,1,1,0,0,1,0,0,0,1,0
4/17/2016 8:45:00 PM,0,0,0,0,0,0,0,0,0,0,1,0,0,0,0,0,0,0,0,0,0,0,1,0
4/17/2016 9:00:00 AM,1,0,0,0,1,0,1,1,0,0,1,1,0,1,1,1,0,0,1,0,0,0,1,0
4/17/2016 9:00:00 PM,0,0,0,0,0,0,0,0,0,0,1,0,0,0,0,0,0,0,0,0,0,0,1,0
4/17/2016 9:15:00 AM,1,0,0,0,1,0,1,1,0,0,1,1,0,1,1,1,1,0,1,0,0,0,1,0
4/17/2016 9:15:00 PM,0,0,0,0,0,0,0,0,0,0,1,0,0,0,0,0,0,0,0,0,0,0,1,0
4/17/2016 9:30:00 AM,1,0,0,0,1,0,1,1,0,0,1,1,0,1,1,1,1,0,1,0,0,0,1,0
4/17/2016 9:30:00 PM,0,0,0,0,0,0,0,0,0,0,1,0,0,0,0,0,1,0,0,0,0,0,1,0
4/17/2016 9:45:00 AM,1,0,0,0,1,0,1,1,0,0,1,1,0,1,1,1,1,0,1,0,0,0,1,0
4/17/2016 9:45:00 PM,0,0,0,0,0,0,0,0,0,0,0,0,0,0,0,0,1,0,0,0,0,0,1,0
4/18/2016 1:00:00 AM,0,0,0,0,0,0,0,0,0,0,0,0,0,0,0,0,0,0,0,0,0,0,0,0
4/18/2016 1:00:00 PM,0,0,0,0,0,0,0,1,0,1,0,0,0,0,0,1,1,0,0,0,0,0,0,0
4/18/2016 1:15:00 AM,0,0,0,0,0,0,0,0,0,0,0,0,0,0,0,0,0,0,0,0,0,0,0,0
4/18/2016 1:15:00 PM,0,0,0,0,0,0,0,1,0,1,0,0,0,0,0,0,1,0,0,0,0,0,0,0
4/18/2016 1:30:00 AM,0,0,0,0,0,0,0,0,0,0,0,0,0,0,0,0,0,0,0,0,0,0,0,0
4/18/2016 1:30:00 PM,0,0,0,0,0,0,0,1,0,1,0,0,0,0,0,0,1,0,0,0,0,0,0,0
4/18/2016 1:45:00 AM,0,0,0,0,0,0,0,0,0,0,0,0,0,0,0,0,0,0,0,0,0,0,0,0
4/18/2016 1:45:00 PM,0,0,0,0,0,0,0,1,0,1,0,0,0,0,0,0,0,0,0,0,0,0,0,0
4/18/2016 10:00:00 AM,0,0,0,0,0,0,1,1,0,1,0,0,0,0,1,1,1,0,1,0,0,0,1,0
4/18/2016 10:00:00 PM,0,0,0,0,0,0,0,1,0,0,0,0,0,0,0,0,0,0,0,0,0,0,0,0
4/18/2016 10:15:00 AM,0,0,0,0,0,0,1,1,0,1,0,0,0,0,1,1,1,0,1,0,0,0,1,0
4/18/2016 10:15:00 PM,0,0,0,0,0,0,0,1,0,0,0,0,0,0,0,0,0,0,0,0,0,0,0,0
4/18/2016 10:30:00 AM,0,0,0,0,0,0,1,1,0,1,0,0,0,0,1,1,1,0,1,0,0,0,0,0
4/18/2016 10:30:00 PM,0,0,0,0,0,0,0,1,0,0,0,0,0,0,0,0,0,0,0,0,0,0,0,0
4/18/2016 10:45:00 AM,0,0,0,0,0,0,1,1,0,1,0,0,0,0,1,1,1,0,1,0,0,0,0,0
4/18/2016 10:45:00 PM,0,0,0,0,0,0,0,0,0,0,0,0,0,0,0,0,0,0,0,0,0,0,0,0
4/18/2016 11:00:00 AM,0,0,0,0,0,0,1,1,0,1,0,0,0,0,1,1,1,0,1,0,0,0,0,0
4/18/2016 11:00:00 PM,0,0,0,0,0,0,0,0,0,0,0,0,0,0,0,0,0,0,0,0,0,0,0,0
4/18/2016 11:15:00 AM,0,0,0,0,0,0,1,1,0,1,0,0,0,0,1,1,1,0,1,0,0,0,0,0
4/18/2016 11:15:00 PM,0,0,0,0,0,0,0,0,0,0,0,0,0,0,0,0,0,0,0,0,0,0,0,0
4/18/2016 11:30:00 AM,0,0,0,0,0,0,1,1,0,1,0,0,0,0,1,1,1,0,1,0,0,0,0,0
4/18/2016 11:30:00 PM,0,0,0,0,0,0,0,0,0,0,0,0,0,0,0,0,0,0,0,0,0,0,0,0
4/18/2016 11:45:00 AM,0,0,0,0,0,0,1,1,0,1,0,0,0,0,1,1,1,0,1,0,0,0,0,0
4/18/2016 11:45:00 PM,0,0,0,0,0,0,0,0,0,0,0,0,0,0,0,0,0,0,0,0,0,0,0,0
4/18/2016 12:00:00 AM,0,0,0,0,0,0,0,0,0,0,0,0,0,0,0,0,0,0,0,0,0,0,0,0
4/18/2016 12:00:00 PM,0,0,0,0,0,0,1,1,0,1,0,0,0,0,1,1,1,0,1,0,0,0,0,0
4/18/2016 12:15:00 AM,0,0,0,0,0,0,0,0,0,0,0,0,0,0,0,0,0,0,0,0,0,0,0,0
4/18/2016 12:15:00 PM,0,0,0,0,0,0,1,1,0,1,0,0,0,0,1,1,1,0,1,0,0,0,0,0
4/18/2016 12:30:00 AM,0,0,0,0,0,0,0,0,0,0,0,0,0,0,0,0,0,0,0,0,0,0,0,0
4/18/2016 12:30:00 PM,0,0,0,0,0,0,1,1,0,1,0,0,0,0,1,1,1,0,1,0,0,0,0,0
4/18/2016 12:45:00 AM,0,0,0,0,0,0,0,0,0,0,0,0,0,0,0,0,0,0,0,0,0,0,0,0
4/18/2016 12:45:00 PM,0,0,0,0,0,0,1,1,0,1,0,0,0,0,0,1,1,0,1,0,0,0,0,0
4/18/2016 2:00:00 AM,0,0,0,0,0,0,0,0,0,0,0,0,0,0,0,0,0,0,0,0,0,0,0,0
4/18/2016 2:00:00 PM,0,0,0,0,0,0,0,1,0,0,0,0,0,0,0,0,0,0,0,0,0,0,0,0
4/18/2016 2:15:00 AM,0,0,0,0,0,0,0,0,0,0,0,0,0,0,0,0,0,0,0,0,0,0,0,0
4/18/2016 2:15:00 PM,0,0,0,0,0,0,0,1,0,0,0,0,0,0,0,0,0,0,0,0,0,0,0,0
4/18/2016 2:30:00 AM,0,0,0,0,0,0,0,0,0,0,0,0,0,0,0,0,0,0,0,0,0,0,0,0
4/18/2016 2:30:00 PM,0,0,0,0,0,0,0,1,0,0,0,0,0,0,0,0,0,0,0,0,0,0,0,0
4/18/2016 2:45:00 AM,0,0,0,0,0,0,0,0,0,0,0,0,0,0,0,0,0,0,0,0,0,0,1,0
4/18/2016 2:45:00 PM,0,0,0,0,0,0,0,0,0,0,0,0,0,0,0,0,0,0,0,0,0,0,0,0
4/18/2016 3:00:00 AM,0,0,0,0,0,0,0,0,0,0,0,0,0,0,0,0,0,0,0,0,0,0,1,0
4/18/2016 3:00:00 PM,0,0,0,0,0,0,0,0,0,0,0,0,0,0,0,0,0,0,0,0,0,0,0,0
4/18/2016 3:15:00 AM,0,0,0,0,0,0,0,0,0,0,0,0,0,0,0,0,0,0,0,0,0,0,1,0
4/18/2016 3:15:00 PM,0,0,0,0,0,0,0,0,0,0,0,0,0,0,0,0,0,0,0,0,0,0,0,0
4/18/2016 3:30:00 AM,0,0,0,0,0,0,1,0,0,0,0,0,0,0,0,0,0,0,0,0,0,0,1,0
4/18/2016 3:30:00 PM,0,0,0,0,0,0,0,0,0,0,0,0,0,0,0,0,0,0,0,0,0,0,0,0
4/18/2016 3:45:00 AM,0,0,0,0,0,0,1,0,0,0,0,0,0,1,0,1,0,0,0,0,0,0,1,0
4/18/2016 3:45:00 PM,0,0,0,0,0,0,0,0,0,0,0,0,0,0,0,0,0,0,0,0,0,0,0,0
4/18/2016 4:00:00 AM,0,0,0,0,0,0,1,0,0,0,0,0,0,1,0,1,0,0,0,0,0,0,1,0
4/18/2016 4:00:00 PM,0,0,0,0,0,0,0,0,0,0,0,0,0,0,0,0,0,0,0,0,0,0,0,0
4/18/2016 4:15:00 AM,0,0,0,0,0,0,1,0,0,0,0,0,0,1,0,1,0,0,0,0,0,0,1,0
4/18/2016 4:15:00 PM,0,0,0,0,0,0,0,0,0,0,0,0,0,0,0,0,0,0,0,0,0,0,0,0
4/18/2016 4:30:00 AM,0,0,0,0,0,0,1,0,0,0,0,0,0,1,0,1,1,0,0,0,0,0,1,0
4/18/2016 4:30:00 PM,0,0,0,0,0,0,0,0,0,0,0,0,0,0,0,0,0,0,0,0,0,0,0,0
4/18/2016 4:45:00 AM,0,0,0,0,0,0,1,0,0,1,0,0,0,1,0,1,1,0,0,0,0,0,1,0
4/18/2016 4:45:00 PM,0,0,0,0,0,0,0,0,0,0,0,0,0,0,0,0,0,0,0,0,0,0,0,0
4/18/2016 5:00:00 AM,0,0,0,0,0,0,1,0,0,1,0,0,0,1,1,1,1,0,1,0,0,0,1,0
4/18/2016 5:00:00 PM,0,0,0,0,0,0,0,0,0,0,0,0,0,0,0,0,0,0,0,0,0,0,0,0
4/18/2016 5:15:00 AM,0,0,0,0,0,0,1,0,0,1,0,0,0,1,1,1,1,0,1,0,0,0,1,0
4/18/2016 5:15:00 PM,0,0,0,0,0,0,0,0,0,0,0,0,0,0,0,0,0,0,0,0,0,0,0,0
4/18/2016 5:30:00 AM,0,0,0,0,0,0,1,0,0,1,0,0,0,1,1,1,1,0,1,0,0,0,1,0
4/18/2016 5:30:00 PM,0,0,0,0,0,0,0,0,0,0,0,0,0,0,0,0,0,0,0,0,0,0,0,0
4/18/2016 5:45:00 AM,0,0,0,0,0,0,1,0,0,1,0,0,0,1,1,1,1,0,1,0,0,0,1,0
4/18/2016 5:45:00 PM,0,0,0,0,0,0,0,0,0,0,0,0,0,0,0,0,0,0,0,0,0,0,0,0
4/18/2016 6:00:00 AM,0,0,0,0,0,0,1,0,0,1,0,0,0,1,1,1,1,0,1,0,0,0,1,0
4/18/2016 6:00:00 PM,0,0,0,0,0,0,0,0,0,0,0,0,0,0,0,0,0,0,0,0,0,0,0,0
4/18/2016 6:15:00 AM,0,0,0,0,0,0,1,0,0,1,0,0,0,1,1,1,1,0,1,0,0,0,1,0
4/18/2016 6:15:00 PM,0,0,0,0,0,0,0,0,0,0,0,0,0,0,0,0,0,0,0,0,0,0,0,0
4/18/2016 6:30:00 AM,0,0,0,0,0,0,1,0,0,1,0,0,0,1,1,1,0,0,1,0,0,0,1,0
4/18/2016 6:30:00 PM,0,0,0,0,0,0,0,0,0,0,0,0,0,0,0,0,0,0,0,0,0,0,0,0
4/18/2016 6:45:00 AM,0,0,0,0,0,0,1,0,0,1,0,0,0,1,1,1,1,0,1,0,0,0,1,0
4/18/2016 6:45:00 PM,0,0,0,0,0,0,0,0,0,0,0,0,0,0,0,0,0,0,0,0,0,0,0,0
4/18/2016 7:00:00 AM,0,0,0,0,0,0,1,1,0,1,0,0,0,1,1,1,1,0,1,0,0,0,1,0
4/18/2016 7:00:00 PM,0,0,0,0,0,0,0,0,0,0,0,0,0,0,0,0,0,0,0,0,0,0,0,0
4/18/2016 7:15:00 AM,0,0,0,0,0,0,1,1,0,1,0,0,0,1,1,1,1,0,1,0,0,0,1,0
4/18/2016 7:15:00 PM,0,0,0,0,0,0,0,0,0,0,0,0,0,0,1,0,0,0,0,0,0,0,0,0
4/18/2016 7:30:00 AM,0,0,0,0,0,0,1,1,0,1,0,0,0,1,1,1,1,0,1,0,0,0,1,0
4/18/2016 7:30:00 PM,0,0,0,0,0,0,0,0,0,0,0,0,0,0,1,0,0,0,0,0,0,0,0,0
4/18/2016 7:45:00 AM,0,0,0,0,0,0,1,1,0,1,0,0,0,1,1,1,1,0,1,0,0,0,1,0
4/18/2016 7:45:00 PM,0,0,0,0,0,0,0,0,0,0,0,0,0,0,1,0,0,0,0,0,0,0,0,0
4/18/2016 8:00:00 AM,0,0,0,0,0,0,1,1,0,1,0,0,0,1,1,1,1,0,1,0,0,0,1,0
4/18/2016 8:00:00 PM,0,0,0,0,0,0,0,0,0,0,0,0,0,0,1,0,0,0,0,0,0,0,0,0
4/18/2016 8:15:00 AM,0,0,0,0,0,0,1,1,0,1,0,0,0,1,1,1,1,0,1,0,0,0,1,0
4/18/2016 8:15:00 PM,0,0,0,0,0,0,0,0,0,0,0,0,0,0,1,0,0,0,0,0,0,0,0,0
4/18/2016 8:30:00 AM,0,0,0,0,0,0,1,1,0,1,0,0,0,1,1,1,1,0,1,0,0,0,1,0
4/18/2016 8:30:00 PM,0,0,0,0,0,0,0,0,0,0,0,0,0,0,1,0,0,0,0,0,0,0,0,0
4/18/2016 8:45:00 AM,0,0,0,0,0,0,1,1,0,1,0,0,0,1,1,1,1,0,1,0,0,0,1,0
4/18/2016 8:45:00 PM,0,0,0,0,0,0,0,0,0,0,0,0,0,0,1,0,0,0,0,0,0,0,0,0
4/18/2016 9:00:00 AM,0,0,0,0,0,0,1,1,0,1,0,0,0,1,1,1,1,0,1,0,0,0,1,0
4/18/2016 9:00:00 PM,0,0,0,0,0,0,0,0,0,0,0,0,0,0,0,0,0,0,0,0,0,0,0,0
4/18/2016 9:15:00 AM,0,0,0,0,0,0,1,1,0,1,0,0,0,0,1,1,1,0,1,0,0,0,1,0
4/18/2016 9:15:00 PM,0,0,0,0,0,0,0,1,0,0,0,0,0,0,0,0,0,0,0,0,0,0,0,0
4/18/2016 9:30:00 AM,0,0,0,0,0,0,1,1,0,1,0,0,0,0,1,1,1,0,1,0,0,0,1,0
4/18/2016 9:30:00 PM,0,0,0,0,0,0,0,1,0,0,0,0,0,0,0,0,0,0,0,0,0,0,0,0
4/18/2016 9:45:00 AM,0,0,0,0,0,0,1,1,0,1,0,0,0,0,1,1,1,0,1,0,0,0,1,0
4/18/2016 9:45:00 PM,0,0,0,0,0,0,0,1,0,0,0,0,0,0,0,0,0,0,0,0,0,0,0,0
4/19/2016 1:00:00 AM,0,0,0,0,0,0,0,0,0,0,0,0,0,0,0,0,0,0,0,0,0,0,0,0
4/19/2016 1:00:00 PM,1,0,0,0,0,0,0,1,0,1,0,0,0,0,0,0,1,0,1,0,0,0,0,0
4/19/2016 1:15:00 AM,0,0,0,0,0,0,0,0,0,0,0,0,0,0,0,0,0,0,0,0,0,0,0,0
4/19/2016 1:15:00 PM,1,0,0,0,0,0,0,1,0,0,0,0,0,0,0,0,1,0,1,0,0,0,0,0
4/19/2016 1:30:00 AM,0,0,0,0,0,0,0,0,0,0,0,0,0,0,0,0,0,0,0,0,0,0,0,0
4/19/2016 1:30:00 PM,0,0,0,0,0,0,0,1,0,0,0,0,0,0,0,0,1,0,1,0,0,0,0,0
4/19/2016 1:45:00 AM,0,0,0,0,0,0,0,0,0,0,0,0,0,0,0,0,0,0,0,0,0,0,0,0
4/19/2016 1:45:00 PM,0,0,0,0,0,0,0,1,0,0,0,0,0,0,0,0,1,0,1,0,0,0,0,0
4/19/2016 10:00:00 AM,1,0,0,0,1,0,1,1,0,1,1,1,0,1,1,1,1,0,1,0,1,0,1,0
4/19/2016 10:00:00 PM,0,0,0,0,0,0,0,0,0,0,0,0,0,0,0,0,0,0,0,0,0,0,0,0
4/19/2016 10:15:00 AM,1,0,0,0,1,0,1,1,0,1,1,1,0,1,1,1,1,0,1,0,1,0,1,0
4/19/2016 10:15:00 PM,0,0,0,0,0,0,0,0,0,0,0,0,0,0,0,0,0,0,0,0,0,0,0,0
4/19/2016 10:30:00 AM,1,0,0,0,1,0,1,1,0,1,1,1,0,1,1,1,1,0,1,0,1,0,0,0
4/19/2016 10:30:00 PM,0,0,0,0,0,0,0,0,0,0,0,0,0,0,0,0,0,0,0,0,0,0,0,0
4/19/2016 10:45:00 AM,1,0,0,0,1,0,1,1,0,1,1,1,0,1,1,1,1,0,1,0,1,0,0,0
4/19/2016 10:45:00 PM,0,0,0,0,0,0,0,0,0,0,0,0,0,0,0,0,0,0,0,0,0,0,0,0
4/19/2016 11:00:00 AM,1,0,0,0,1,0,1,1,0,1,0,1,0,1,0,1,1,0,1,0,1,0,0,0
4/19/2016 11:00:00 PM,0,0,0,0,0,0,0,0,0,0,0,0,0,0,0,0,0,0,0,0,0,0,0,0
4/19/2016 11:15:00 AM,1,0,0,0,1,0,1,1,0,1,0,1,0,1,0,1,1,0,1,0,1,0,0,0
4/19/2016 11:15:00 PM,0,0,0,0,0,0,0,0,0,0,0,0,0,0,0,0,0,0,0,0,0,0,0,0
4/19/2016 11:30:00 AM,1,0,0,0,1,0,1,1,0,1,0,1,0,1,0,1,1,0,1,0,1,0,0,0
4/19/2016 11:30:00 PM,0,0,0,0,0,0,0,0,0,0,0,0,0,0,0,0,0,0,0,0,0,0,0,0
4/19/2016 11:45:00 AM,1,0,0,0,0,0,1,1,0,1,0,1,0,1,0,1,1,0,1,0,1,0,0,0
4/19/2016 11:45:00 PM,0,0,0,0,0,0,0,0,0,0,0,0,0,0,0,0,0,0,0,0,0,0,0,0
4/19/2016 12:00:00 AM,0,0,0,0,0,0,0,0,0,0,0,0,0,0,0,0,0,0,0,0,0,0,0,0
4/19/2016 12:00:00 PM,1,0,0,0,0,0,1,1,0,1,0,1,0,1,0,0,1,0,1,0,1,0,0,0
4/19/2016 12:15:00 AM,0,0,0,0,0,0,0,0,0,0,0,0,0,0,0,0,0,0,0,0,0,0,0,0
4/19/2016 12:15:00 PM,1,0,0,0,0,0,1,1,0,1,0,1,0,0,0,0,1,0,1,0,1,0,0,0
4/19/2016 12:30:00 AM,0,0,0,0,0,0,0,0,0,0,0,0,0,0,0,0,0,0,0,0,0,0,0,0
4/19/2016 12:30:00 PM,1,0,0,0,0,0,1,1,0,1,0,0,0,0,0,0,1,0,1,0,1,0,0,0
4/19/2016 12:45:00 AM,0,0,0,0,0,0,0,0,0,0,0,0,0,0,0,0,0,0,0,0,0,0,0,0
4/19/2016 12:45:00 PM,1,0,0,0,0,0,0,1,0,1,0,0,0,0,0,0,1,0,1,0,0,0,0,0
4/19/2016 2:00:00 AM,0,0,0,0,0,0,0,0,0,0,0,0,0,0,0,0,0,0,0,0,0,0,0,0
4/19/2016 2:00:00 PM,0,0,0,0,0,0,0,1,0,0,0,0,0,0,0,0,1,0,1,0,0,0,0,0
4/19/2016 2:15:00 AM,0,0,0,0,0,0,0,0,0,0,0,0,0,0,0,0,0,0,0,0,0,0,0,0
4/19/2016 2:15:00 PM,0,0,0,0,0,0,0,1,0,0,0,0,0,0,0,0,0,0,0,0,0,0,0,0
4/19/2016 2:30:00 AM,0,0,0,0,1,0,0,0,0,0,0,0,0,0,0,0,0,0,0,0,0,0,0,0
4/19/2016 2:30:00 PM,0,0,0,0,0,0,0,1,0,0,0,0,0,0,0,0,0,0,0,0,0,0,0,0
4/19/2016 2:45:00 AM,0,0,0,0,1,0,0,0,0,0,1,0,0,0,0,0,0,0,0,0,0,0,0,0
4/19/2016 2:45:00 PM,0,0,0,0,0,0,0,0,0,0,0,1,0,0,0,0,0,0,0,0,0,0,0,0
4/19/2016 3:00:00 AM,0,0,0,0,1,0,0,0,0,0,1,0,0,0,0,0,0,0,0,0,0,0,0,0
4/19/2016 3:00:00 PM,0,0,0,0,0,0,0,0,0,0,0,1,0,0,0,0,0,0,0,0,0,0,0,0
4/19/2016 3:15:00 AM,0,0,0,0,1,0,0,0,0,0,1,0,0,0,0,0,0,0,0,0,0,0,1,0
4/19/2016 3:15:00 PM,0,0,0,0,0,0,0,0,0,0,0,1,0,0,0,0,0,0,0,0,0,0,0,0
4/19/2016 3:30:00 AM,0,0,0,0,1,0,0,0,0,0,1,0,0,0,0,0,0,0,0,0,0,0,1,0
4/19/2016 3:30:00 PM,0,0,0,0,0,0,0,0,0,0,0,1,0,0,0,0,0,0,0,0,0,0,0,0
4/19/2016 3:45:00 AM,0,0,0,0,1,0,0,0,0,0,1,0,0,1,0,0,0,0,0,0,0,0,1,0
4/19/2016 3:45:00 PM,0,0,0,0,0,0,0,0,0,0,0,1,0,0,0,0,0,0,0,0,0,0,0,0
4/19/2016 4:00:00 AM,0,0,0,0,1,0,1,0,0,0,1,0,0,1,1,1,0,0,0,0,0,0,1,0
4/19/2016 4:00:00 PM,0,0,0,0,0,0,0,0,0,0,0,1,0,0,0,0,0,0,0,0,0,0,0,0
4/19/2016 4:15:00 AM,0,0,0,0,1,0,1,0,0,0,1,0,0,1,1,1,0,0,0,0,0,0,1,0
4/19/2016 4:15:00 PM,0,0,0,0,0,0,0,0,0,0,0,1,0,0,0,0,0,0,0,0,0,0,0,0
4/19/2016 4:30:00 AM,0,0,0,0,1,0,1,0,0,0,1,0,0,1,1,1,0,0,0,0,1,0,1,0
4/19/2016 4:30:00 PM,0,0,0,0,0,0,0,0,0,0,0,1,0,0,0,0,0,0,0,0,0,0,0,0
4/19/2016 4:45:00 AM,0,0,0,0,1,0,1,0,0,1,0,0,0,1,1,1,0,0,0,0,1,0,1,0
4/19/2016 4:45:00 PM,0,0,0,0,0,0,0,0,0,0,0,1,0,0,0,0,0,0,0,0,0,0,0,0
4/19/2016 5:00:00 AM,0,0,0,0,1,0,1,0,0,1,0,0,0,1,1,1,0,0,1,0,1,0,1,0
4/19/2016 5:00:00 PM,0,0,0,0,0,0,0,0,0,0,0,1,0,0,0,0,0,0,0,0,0,0,0,0
4/19/2016 5:15:00 AM,0,0,0,0,1,0,1,0,0,1,1,0,0,1,1,1,0,0,1,0,1,0,1,0
4/19/2016 5:15:00 PM,0,0,0,0,0,0,0,0,0,0,0,0,0,0,0,0,0,0,0,0,0,0,0,0
4/19/2016 5:30:00 AM,0,0,0,0,1,0,1,0,0,1,1,0,0,1,1,1,0,0,1,0,1,0,1,0
4/19/2016 5:30:00 PM,0,0,0,0,0,0,0,0,0,0,0,0,0,0,0,0,0,0,0,0,0,0,0,0
4/19/2016 5:45:00 AM,0,0,0,0,1,0,1,0,0,1,1,0,0,1,1,1,1,0,1,0,1,0,1,0
4/19/2016 5:45:00 PM,0,0,0,0,0,0,0,0,0,0,0,0,0,0,0,0,0,0,0,0,0,0,0,0
4/19/2016 6:00:00 AM,0,0,0,0,1,0,1,0,0,1,1,0,0,1,1,1,1,0,1,0,1,0,1,0
4/19/2016 6:00:00 PM,0,0,0,0,0,0,0,0,0,0,0,0,0,0,0,0,0,0,0,0,0,0,0,0
4/19/2016 6:15:00 AM,0,0,0,0,1,0,1,0,0,1,1,0,0,1,1,1,1,0,1,0,1,0,1,0
4/19/2016 6:15:00 PM,0,0,0,0,0,0,0,0,0,0,0,0,0,0,0,0,0,0,0,0,0,0,0,0
4/19/2016 6:30:00 AM,0,0,0,0,1,0,1,0,0,1,1,0,0,1,1,1,1,0,1,0,1,0,1,0
4/19/2016 6:30:00 PM,0,0,0,0,0,0,0,0,0,0,0,0,0,0,0,0,0,0,0,0,0,0,0,0
4/19/2016 6:45:00 AM,0,0,0,0,1,0,1,0,0,1,1,0,0,1,1,1,1,0,1,0,1,0,1,0
4/19/2016 6:45:00 PM,0,0,0,0,0,0,0,0,0,0,0,0,0,0,0,0,0,0,0,0,0,0,0,0
4/19/2016 7:00:00 AM,0,0,0,0,1,0,1,0,0,1,1,0,0,1,1,1,1,0,1,0,1,0,1,0
4/19/2016 7:00:00 PM,0,0,0,0,0,0,0,0,0,0,0,0,0,0,0,0,0,0,0,0,0,0,0,0
4/19/2016 7:15:00 AM,0,0,0,0,1,0,1,0,0,1,1,0,0,1,1,1,1,0,1,0,1,0,1,0
4/19/2016 7:15:00 PM,0,0,0,0,0,0,0,0,0,0,0,0,0,0,0,0,0,0,0,0,0,0,0,0
4/19/2016 7:30:00 AM,0,0,0,0,1,0,1,0,0,1,1,1,0,1,1,1,1,0,1,0,1,0,1,0
4/19/2016 7:30:00 PM,0,0,0,0,0,0,0,0,0,0,0,0,0,0,0,0,0,0,0,0,0,0,0,0
4/19/2016 7:45:00 AM,0,0,0,0,1,0,1,1,0,1,1,1,0,1,1,1,1,0,1,0,1,0,1,0
4/19/2016 7:45:00 PM,0,0,0,0,0,0,0,0,0,0,0,0,0,0,0,0,0,0,0,0,0,0,0,0
4/19/2016 8:00:00 AM,1,0,0,0,1,0,1,1,0,1,1,1,0,1,1,1,1,0,1,0,1,0,1,0
4/19/2016 8:00:00 PM,0,0,0,0,0,0,0,0,0,0,0,0,0,0,0,0,0,0,0,0,0,0,0,0
4/19/2016 8:15:00 AM,1,0,0,0,1,0,1,1,0,1,1,1,0,1,1,1,1,0,1,0,1,0,1,0
4/19/2016 8:15:00 PM,0,0,0,0,0,0,0,0,0,0,0,0,0,0,0,0,0,0,0,0,0,0,0,0
4/19/2016 8:30:00 AM,1,0,0,0,1,0,1,1,0,1,1,1,0,1,1,1,1,0,1,0,1,0,1,0
4/19/2016 8:30:00 PM,0,0,0,0,0,0,0,0,0,0,0,0,0,0,0,0,0,0,0,0,0,0,0,0
4/19/2016 8:45:00 AM,1,0,0,0,1,0,1,1,0,1,1,1,0,1,1,1,1,0,1,0,1,0,1,0
4/19/2016 8:45:00 PM,0,0,0,0,0,0,0,0,0,0,0,0,0,0,0,0,0,0,0,0,0,0,0,0
4/19/2016 9:00:00 AM,1,0,0,0,1,0,1,1,0,1,1,1,0,1,1,1,1,0,1,0,1,0,1,0
4/19/2016 9:00:00 PM,0,0,0,0,0,0,0,0,0,0,0,0,0,0,0,0,0,0,0,0,0,0,0,0
4/19/2016 9:15:00 AM,1,0,0,0,1,0,1,1,0,1,1,1,0,1,1,1,1,0,1,0,1,0,1,0
4/19/2016 9:15:00 PM,0,0,0,0,0,0,0,0,0,0,0,0,0,0,0,0,0,0,0,0,0,0,0,0
4/19/2016 9:30:00 AM,1,0,0,0,1,0,1,1,0,1,1,1,0,1,1,1,1,0,1,0,1,0,1,0
4/19/2016 9:30:00 PM,0,0,0,0,0,0,0,0,0,0,0,0,0,0,0,0,0,0,0,0,0,0,0,0
4/19/2016 9:45:00 AM,1,0,0,0,1,0,1,1,0,1,1,1,0,1,1,1,1,0,1,0,1,0,1,0
4/19/2016 9:45:00 PM,0,0,0,0,0,0,0,0,0,0,0,0,0,0,0,0,0,0,0,0,0,0,0,0
4/20/2016 1:00:00 AM,0,0,0,0,0,0,0,0,0,0,0,0,0,0,0,0,0,0,0,0,0,0,0,0
4/20/2016 1:00:00 PM,1,0,0,0,0,0,0,1,0,1,0,1,0,0,1,0,1,0,0,0,0,1,0,1
4/20/2016 1:15:00 AM,0,0,0,0,0,0,0,0,0,0,0,0,0,0,0,0,0,0,0,0,0,0,0,0
4/20/2016 1:15:00 PM,1,0,0,0,0,0,0,1,0,1,0,1,0,0,1,0,1,0,0,0,0,1,0,1
4/20/2016 1:30:00 AM,0,0,0,0,0,0,0,0,0,0,0,0,0,0,0,0,0,0,0,0,0,0,0,0
4/20/2016 1:30:00 PM,1,0,0,0,0,0,0,1,0,0,0,1,0,0,1,0,1,0,0,0,0,1,0,1
4/20/2016 1:45:00 AM,0,0,0,0,0,0,0,0,0,0,0,0,0,0,0,0,0,0,0,0,0,0,0,0
4/20/2016 1:45:00 PM,1,0,0,0,0,0,0,1,0,0,0,1,0,0,1,0,0,0,0,0,0,1,0,1
4/20/2016 10:00:00 AM,1,0,0,0,1,0,0,0,0,1,1,1,0,1,1,1,1,0,1,0,1,1,1,1
4/20/2016 10:00:00 PM,0,0,0,0,0,0,0,0,0,0,0,0,0,0,0,0,0,0,0,0,0,0,0,0
4/20/2016 10:15:00 AM,1,0,0,0,1,0,0,0,0,1,1,1,0,1,1,1,1,0,1,0,1,1,1,1
4/20/2016 10:15:00 PM,0,0,0,0,0,0,0,0,0,0,0,0,0,0,0,0,0,0,0,0,0,0,0,0
4/20/2016 10:30:00 AM,1,0,0,0,1,0,0,0,0,1,1,1,0,1,1,1,1,0,1,0,1,1,0,1
4/20/2016 10:30:00 PM,0,0,0,0,0,0,0,0,0,0,0,0,0,0,0,0,0,0,0,0,0,0,0,0
4/20/2016 10:45:00 AM,1,0,0,0,1,0,0,1,0,1,1,1,0,1,1,1,1,0,1,0,1,1,0,1
4/20/2016 10:45:00 PM,0,0,0,0,0,0,0,0,0,0,0,0,0,0,0,0,0,0,0,0,0,0,0,0
4/20/2016 11:00:00 AM,1,0,0,0,1,0,0,1,0,1,0,1,0,1,1,1,1,0,1,0,1,1,0,1
4/20/2016 11:00:00 PM,0,0,0,0,0,0,0,0,0,0,0,0,0,0,0,0,0,0,0,0,0,0,0,0
4/20/2016 11:15:00 AM,1,0,0,0,1,0,0,1,0,1,0,1,0,1,1,1,1,0,1,0,1,1,0,1
4/20/2016 11:15:00 PM,0,0,0,0,0,0,0,0,0,0,0,0,0,0,0,0,0,0,0,0,0,0,0,0
4/20/2016 11:30:00 AM,1,0,0,0,1,0,0,1,0,1,0,1,0,1,1,1,1,0,1,0,1,1,0,1
4/20/2016 11:30:00 PM,0,0,0,0,0,0,0,0,0,0,0,0,0,0,0,0,0,0,0,0,0,0,0,0
4/20/2016 11:45:00 AM,1,0,0,0,0,0,0,1,0,1,0,1,0,1,1,1,1,0,1,0,1,1,0,1
4/20/2016 11:45:00 PM,0,0,0,0,0,0,0,0,0,0,0,0,0,0,0,0,0,0,0,0,0,0,0,0
4/20/2016 12:00:00 AM,0,0,0,0,0,0,0,0,0,0,0,0,0,0,0,0,0,0,0,0,0,0,0,0
4/20/2016 12:00:00 PM,1,0,0,0,0,0,0,1,0,1,0,1,0,0,1,1,1,0,1,0,1,1,0,1
4/20/2016 12:15:00 AM,0,0,0,0,0,0,0,0,0,0,0,0,0,0,0,0,0,0,0,0,0,0,0,0
4/20/2016 12:15:00 PM,1,0,0,0,0,0,0,1,0,1,0,1,0,0,1,0,1,0,1,0,1,1,0,1
4/20/2016 12:30:00 AM,0,0,0,0,0,0,0,0,0,0,0,0,0,0,0,0,0,0,0,0,0,0,0,0
4/20/2016 12:30:00 PM,1,0,0,0,0,0,0,1,0,1,0,1,0,0,1,0,1,0,1,0,1,1,0,1
4/20/2016 12:45:00 AM,0,0,0,0,0,0,0,0,0,0,0,0,0,0,0,0,0,0,0,0,0,0,0,0
4/20/2016 12:45:00 PM,1,0,0,0,0,0,0,1,0,1,0,1,0,0,1,0,1,0,0,0,0,1,0,1
4/20/2016 2:00:00 AM,0,0,0,0,0,0,0,0,0,0,0,0,0,0,0,0,0,0,0,0,0,0,0,0
4/20/2016 2:00:00 PM,1,0,0,0,0,0,0,1,0,0,0,1,0,0,1,0,0,0,0,0,0,1,0,1
4/20/2016 2:15:00 AM,0,0,0,0,0,0,0,0,0,0,0,0,0,0,0,0,0,0,0,0,0,0,0,0
4/20/2016 2:15:00 PM,1,0,0,0,0,0,0,1,0,0,0,1,0,0,1,0,0,0,0,0,0,1,0,1
4/20/2016 2:30:00 AM,0,0,0,0,0,0,0,0,0,0,0,0,0,0,0,0,0,0,0,0,0,0,0,0
4/20/2016 2:30:00 PM,0,0,0,0,0,0,0,1,0,0,0,1,0,0,1,0,0,0,0,0,0,1,0,1
4/20/2016 2:45:00 AM,0,0,0,0,0,0,0,0,0,0,0,0,0,0,0,0,0,0,0,0,0,0,0,0
4/20/2016 2:45:00 PM,0,0,0,0,0,0,0,1,0,0,0,1,0,0,1,0,0,0,0,0,0,1,0,1
4/20/2016 3:00:00 AM,0,0,0,0,1,0,0,0,0,0,0,0,0,0,0,0,0,0,0,0,0,0,0,0
4/20/2016 3:00:00 PM,0,0,0,0,0,0,0,0,0,0,0,1,0,0,1,0,0,0,0,0,0,1,0,1
4/20/2016 3:15:00 AM,0,0,0,0,1,0,0,0,0,0,1,0,0,0,0,0,0,0,0,0,0,0,0,0
4/20/2016 3:15:00 PM,0,0,0,0,0,0,0,0,0,0,0,1,0,0,1,0,0,0,0,0,0,1,0,1
4/20/2016 3:30:00 AM,0,0,0,0,1,0,0,0,0,0,1,0,0,0,0,0,0,0,0,0,0,0,1,0
4/20/2016 3:30:00 PM,0,0,0,0,0,0,0,0,0,0,0,1,0,0,1,0,0,0,0,0,0,1,0,1
4/20/2016 3:45:00 AM,0,0,0,0,1,0,0,0,0,0,1,0,0,1,0,0,0,0,0,0,0,0,1,0
4/20/2016 3:45:00 PM,0,0,0,0,0,0,0,0,0,0,0,1,0,0,1,0,0,0,0,0,0,1,0,1
4/20/2016 4:00:00 AM,0,0,0,0,1,0,0,0,0,0,1,0,0,1,0,1,0,0,0,0,0,0,1,0
4/20/2016 4:00:00 PM,0,0,0,0,0,0,0,0,0,0,0,1,0,0,1,0,0,0,0,0,0,1,0,1
4/20/2016 4:15:00 AM,0,0,0,0,1,0,0,0,0,1,1,0,0,1,0,1,0,0,0,0,1,0,1,0
4/20/2016 4:15:00 PM,0,0,0,0,0,0,0,0,0,0,0,1,0,0,1,0,0,0,0,0,0,1,0,1
4/20/2016 4:30:00 AM,0,0,0,0,1,0,0,0,0,1,1,0,0,1,0,1,0,0,0,0,1,0,1,0
4/20/2016 4:30:00 PM,0,0,0,0,0,0,0,0,0,0,0,1,0,0,0,0,0,0,0,0,0,1,0,1
4/20/2016 4:45:00 AM,0,0,0,0,1,0,0,0,0,1,1,0,0,1,0,1,0,0,0,0,1,0,1,0
4/20/2016 4:45:00 PM,0,0,0,0,0,0,0,0,0,0,0,0,0,0,0,0,0,0,0,0,0,0,0,1
4/20/2016 5:00:00 AM,0,0,0,0,1,0,0,0,0,1,1,0,0,1,1,1,1,0,0,0,1,0,1,0
4/20/2016 5:00:00 PM,0,0,0,0,0,0,0,0,0,0,0,0,0,0,0,0,0,0,0,0,0,0,0,1
4/20/2016 5:15:00 AM,0,0,0,0,1,0,0,0,0,1,1,0,0,1,1,1,1,0,0,0,1,0,1,0
4/20/2016 5:15:00 PM,0,0,0,0,0,0,0,0,0,0,0,0,0,0,0,0,0,0,0,0,0,0,0,1
4/20/2016 5:30:00 AM,0,0,0,0,1,0,0,0,0,1,1,0,0,1,1,1,1,0,1,0,1,0,1,0
4/20/2016 5:30:00 PM,0,0,0,0,0,0,0,0,0,0,0,0,0,0,0,0,0,0,0,0,0,0,0,0
4/20/2016 5:45:00 AM,0,0,0,0,1,0,0,0,0,1,1,0,0,1,1,1,1,0,1,0,1,0,1,0
4/20/2016 5:45:00 PM,0,0,0,0,0,0,0,0,0,0,0,0,0,0,0,0,0,0,0,0,0,0,0,0
4/20/2016 6:00:00 AM,0,0,0,0,1,0,0,0,0,1,1,0,0,1,1,1,1,0,1,0,1,0,1,0
4/20/2016 6:00:00 PM,0,0,0,0,0,0,0,0,0,0,0,0,0,0,0,0,0,0,0,0,0,0,0,0
4/20/2016 6:15:00 AM,0,0,0,0,1,0,0,0,0,1,1,0,0,1,1,1,1,0,1,0,1,0,1,0
4/20/2016 6:15:00 PM,0,0,0,0,0,0,0,1,0,0,0,0,0,0,0,0,0,0,0,0,0,0,0,0
4/20/2016 6:30:00 AM,0,0,0,0,1,0,0,0,0,1,1,0,0,1,1,1,1,0,1,0,1,0,1,0
4/20/2016 6:30:00 PM,0,0,0,0,0,0,0,1,0,0,0,0,0,0,0,0,0,0,0,0,0,0,0,0
4/20/2016 6:45:00 AM,0,0,0,0,1,0,0,0,0,1,1,0,0,1,1,1,1,0,1,0,1,0,1,0
4/20/2016 6:45:00 PM,0,0,0,0,0,0,0,1,0,0,0,0,0,0,0,0,0,0,0,0,0,0,0,0
4/20/2016 7:00:00 AM,0,0,0,0,1,0,0,0,0,1,1,0,0,1,1,1,1,0,1,0,1,0,1,0
4/20/2016 7:00:00 PM,0,0,0,0,0,0,0,1,0,0,0,0,0,0,0,0,0,0,0,0,0,0,0,0
4/20/2016 7:15:00 AM,0,0,0,0,1,0,0,0,0,1,1,0,0,1,1,1,1,0,1,0,1,0,1,0
4/20/2016 7:15:00 PM,0,0,0,0,0,0,0,0,0,0,0,0,0,0,0,0,0,0,0,0,0,0,0,0
4/20/2016 7:30:00 AM,0,0,0,0,1,0,0,0,0,1,1,0,0,1,1,1,1,0,1,0,1,0,1,0
4/20/2016 7:30:00 PM,0,0,0,0,0,0,0,0,0,0,0,0,0,0,0,0,0,0,0,0,0,0,0,0
4/20/2016 7:45:00 AM,0,0,0,0,1,0,0,0,0,1,1,0,0,1,1,1,1,0,1,0,1,0,1,0
4/20/2016 7:45:00 PM,0,0,0,0,0,0,0,0,0,0,0,0,0,0,0,0,0,0,0,0,0,0,0,0
4/20/2016 8:00:00 AM,1,0,0,0,1,0,0,0,0,1,1,0,0,1,1,1,1,0,1,0,1,0,1,1
4/20/2016 8:00:00 PM,0,0,0,0,0,0,0,0,0,0,0,0,0,0,0,0,0,0,0,0,0,0,0,0
4/20/2016 8:15:00 AM,1,0,0,0,1,0,0,0,0,1,1,0,0,1,1,1,1,0,1,0,1,1,1,1
4/20/2016 8:15:00 PM,0,0,0,0,0,0,0,0,0,0,0,0,0,0,0,0,0,0,0,0,0,0,0,0
4/20/2016 8:30:00 AM,1,0,0,0,1,0,0,0,0,1,1,0,0,1,1,1,1,0,1,0,1,1,1,1
4/20/2016 8:30:00 PM,0,0,0,0,0,0,0,0,0,0,0,0,0,0,0,0,0,0,0,0,0,0,0,0
4/20/2016 8:45:00 AM,1,0,0,0,1,0,0,0,0,1,1,1,0,1,1,1,1,0,1,0,1,1,1,1
4/20/2016 8:45:00 PM,0,0,0,0,0,0,0,0,0,0,0,0,0,0,0,0,0,0,0,0,0,0,0,0
4/20/2016 9:00:00 AM,1,0,0,0,1,0,0,0,0,1,1,1,0,1,1,1,1,0,1,0,1,1,1,1
4/20/2016 9:00:00 PM,0,0,0,0,0,0,0,0,0,0,0,0,0,0,0,0,0,0,0,0,0,0,0,0
4/20/2016 9:15:00 AM,1,0,0,0,1,0,0,0,0,1,1,1,0,1,1,1,1,0,1,0,1,1,1,1
4/20/2016 9:15:00 PM,0,0,0,0,0,0,0,0,0,0,0,0,0,0,0,0,0,0,0,0,0,0,0,0
4/20/2016 9:30:00 AM,1,0,0,0,1,0,0,0,0,1,1,1,0,1,1,1,1,0,1,0,1,1,1,1
4/20/2016 9:30:00 PM,0,0,0,0,0,0,0,0,0,0,0,0,0,0,0,0,0,0,0,0,0,0,0,0
4/20/2016 9:45:00 AM,1,0,0,0,1,0,0,0,0,1,1,1,0,1,1,1,1,0,1,0,1,1,1,1
4/20/2016 9:45:00 PM,0,0,0,0,0,0,0,0,0,0,0,0,0,0,0,0,0,0,0,0,0,0,0,0
4/21/2016 1:00:00 AM,0,0,0,0,0,0,0,0,0,0,0,0,0,0,0,0,0,0,0,0,0,0,0,0
4/21/2016 1:00:00 PM,1,0,0,0,0,0,0,1,0,0,0,1,0,0,0,0,1,0,0,0,0,0,0,0
4/21/2016 1:15:00 AM,0,0,0,0,0,0,0,0,0,0,0,0,0,0,0,0,0,0,0,0,0,0,0,0
4/21/2016 1:15:00 PM,1,0,0,0,0,0,0,1,0,0,0,1,0,0,0,0,1,0,0,0,0,0,0,0
4/21/2016 1:30:00 AM,0,0,0,0,0,0,0,0,0,0,0,0,0,0,0,0,0,0,0,0,0,0,0,0
4/21/2016 1:30:00 PM,1,0,0,0,0,0,0,1,0,0,0,1,0,0,0,0,1,0,0,0,0,0,0,0
4/21/2016 1:45:00 AM,0,0,0,0,0,0,0,0,0,0,0,0,0,0,0,0,0,0,0,0,0,0,0,0
4/21/2016 1:45:00 PM,1,0,0,0,0,0,0,1,0,0,0,1,0,0,0,0,1,0,0,0,0,0,0,0
4/21/2016 10:00:00 AM,1,0,0,0,1,0,1,1,0,0,1,1,0,1,1,1,1,0,1,0,1,0,1,0
4/21/2016 10:00:00 PM,0,0,0,0,0,0,0,0,0,0,0,0,0,0,0,0,0,0,0,0,0,0,0,0
4/21/2016 10:15:00 AM,1,0,0,0,1,0,1,1,0,0,1,1,0,1,1,1,1,0,1,0,1,0,1,0
4/21/2016 10:15:00 PM,0,0,0,0,0,0,0,0,0,0,0,0,0,0,0,0,0,0,0,0,0,0,0,0
4/21/2016 10:30:00 AM,1,0,0,0,1,0,1,1,0,0,1,1,0,1,1,1,1,0,1,0,1,0,0,0
4/21/2016 10:30:00 PM,0,0,0,0,0,0,0,0,0,1,0,0,0,0,0,0,0,0,0,0,0,0,0,0
4/21/2016 10:45:00 AM,1,0,0,0,1,0,1,1,0,0,1,1,0,1,1,1,1,0,1,0,1,0,0,0
4/21/2016 10:45:00 PM,0,0,0,0,0,0,0,0,0,1,0,0,0,0,0,0,0,0,0,0,0,0,0,0
4/21/2016 11:00:00 AM,1,0,0,0,1,0,1,1,0,0,0,1,0,1,1,1,1,0,1,0,1,0,0,0
4/21/2016 11:00:00 PM,0,0,0,0,0,0,0,0,0,1,0,0,0,0,0,0,0,0,0,0,0,0,0,0
4/21/2016 11:15:00 AM,1,0,0,0,1,0,1,1,0,0,0,1,0,1,1,1,1,0,1,0,1,0,0,0
4/21/2016 11:15:00 PM,0,0,0,0,0,0,0,0,0,1,0,0,0,0,0,0,0,0,0,0,0,0,0,0
4/21/2016 11:30:00 AM,1,0,0,0,1,0,1,1,0,0,0,1,0,1,1,1,1,0,1,0,1,0,0,0
4/21/2016 11:30:00 PM,0,0,0,0,0,0,0,0,0,1,0,0,0,0,0,0,0,0,0,0,0,0,0,0
4/21/2016 11:45:00 AM,1,0,0,0,1,0,1,1,0,0,0,1,0,1,1,1,1,0,1,0,1,0,0,0
4/21/2016 11:45:00 PM,0,0,0,0,0,0,0,0,0,0,0,0,0,0,0,0,0,0,0,0,0,0,0,0
4/21/2016 12:00:00 AM,0,0,0,0,0,0,0,0,0,0,0,0,0,0,0,0,0,0,0,0,0,0,0,0
4/21/2016 12:00:00 PM,1,0,0,0,1,0,1,1,0,0,0,1,0,0,1,0,1,0,1,0,1,0,0,0
4/21/2016 12:15:00 AM,0,0,0,0,0,0,0,0,0,0,0,0,0,0,0,0,0,0,0,0,0,0,0,0
4/21/2016 12:15:00 PM,1,0,0,0,0,0,1,1,0,0,0,1,0,0,0,0,1,0,1,0,1,0,0,0
4/21/2016 12:30:00 AM,0,0,0,0,0,0,0,0,0,0,0,0,0,0,0,0,0,0,0,0,0,0,0,0
4/21/2016 12:30:00 PM,1,0,0,0,0,0,0,1,0,0,0,1,0,0,0,0,1,0,1,0,1,0,0,0
4/21/2016 12:45:00 AM,0,0,0,0,0,0,0,0,0,0,0,0,0,0,0,0,0,0,0,0,0,0,0,0
4/21/2016 12:45:00 PM,1,0,0,0,0,0,0,1,0,0,0,1,0,0,0,0,1,0,1,0,1,0,0,0
4/21/2016 2:00:00 AM,0,0,0,0,0,0,0,0,0,0,0,0,0,0,0,0,0,0,0,0,0,0,0,0
4/21/2016 2:00:00 PM,1,0,0,0,0,0,0,1,0,0,0,1,0,0,0,0,1,0,0,0,0,0,0,0
4/21/2016 2:15:00 AM,0,0,0,0,0,0,0,0,0,0,0,0,0,0,0,0,0,0,0,0,0,0,0,0
4/21/2016 2:15:00 PM,1,0,0,0,0,0,0,0,0,0,0,1,0,0,0,0,1,0,0,0,0,0,0,0
4/21/2016 2:30:00 AM,0,0,0,0,0,0,0,0,0,0,0,0,0,0,0,0,0,0,0,0,0,0,0,0
4/21/2016 2:30:00 PM,1,0,0,0,0,0,0,0,0,0,0,1,0,0,0,0,1,0,0,0,0,0,0,0
4/21/2016 2:45:00 AM,0,0,0,0,0,0,0,0,0,0,0,0,0,0,0,0,0,0,0,0,0,0,0,0
4/21/2016 2:45:00 PM,0,0,0,0,0,0,0,0,0,0,0,1,0,0,0,0,1,0,0,0,0,0,0,0
4/21/2016 3:00:00 AM,0,0,0,0,0,0,0,0,0,0,0,0,0,0,0,0,0,0,0,0,0,0,0,0
4/21/2016 3:00:00 PM,0,0,0,0,0,0,0,0,0,0,0,1,0,0,0,0,0,0,0,0,0,0,0,0
4/21/2016 3:15:00 AM,0,0,0,0,1,0,0,0,0,0,1,0,0,0,0,0,0,0,0,0,0,0,1,0
4/21/2016 3:15:00 PM,0,0,0,0,0,0,0,0,0,0,0,1,0,0,0,0,0,0,0,0,0,0,0,0
4/21/2016 3:30:00 AM,0,0,0,0,1,0,0,0,0,0,1,0,0,0,0,0,0,0,0,0,0,0,1,0
4/21/2016 3:30:00 PM,0,0,0,0,0,0,0,0,0,0,0,1,0,0,0,0,0,0,0,0,0,0,0,0
4/21/2016 3:45:00 AM,0,0,0,0,1,0,0,0,0,0,1,0,0,0,0,0,0,0,0,0,0,0,1,0
4/21/2016 3:45:00 PM,0,0,0,0,0,0,0,0,0,0,0,1,0,0,0,0,0,0,0,0,0,0,0,0
4/21/2016 4:00:00 AM,0,0,0,0,1,0,1,0,0,0,1,0,0,0,0,0,0,0,0,0,0,0,1,0
4/21/2016 4:00:00 PM,0,0,0,0,0,0,0,0,0,0,0,1,0,0,0,0,0,0,0,0,0,0,0,0
4/21/2016 4:15:00 AM,0,0,0,0,1,0,1,0,0,0,1,0,0,0,0,0,0,0,0,0,0,0,1,0
4/21/2016 4:15:00 PM,0,0,0,0,0,0,0,0,0,0,0,1,0,0,0,0,0,0,0,0,0,0,0,0
4/21/2016 4:30:00 AM,0,0,0,0,1,0,1,0,0,0,1,0,0,1,0,1,0,0,0,0,0,0,1,0
4/21/2016 4:30:00 PM,0,0,0,0,0,0,0,0,0,0,0,1,0,0,0,0,0,0,0,0,0,0,0,0
4/21/2016 4:45:00 AM,0,0,0,0,1,0,1,0,0,0,1,0,0,1,1,1,0,0,0,0,0,0,1,0
4/21/2016 4:45:00 PM,0,0,0,0,0,0,0,0,0,0,0,1,0,0,0,0,0,0,0,0,0,0,0,0
4/21/2016 5:00:00 AM,0,0,0,0,1,0,1,0,0,0,1,0,0,1,1,1,0,0,1,0,0,0,1,0
4/21/2016 5:00:00 PM,0,0,0,0,0,0,0,0,0,0,0,0,0,0,0,0,0,0,0,0,0,0,0,0
4/21/2016 5:15:00 AM,0,0,0,0,1,0,1,0,0,0,1,0,0,1,1,1,0,0,1,0,0,0,1,0
4/21/2016 5:15:00 PM,0,0,0,0,0,0,0,0,0,0,0,0,0,0,0,0,0,0,0,0,0,0,0,0
4/21/2016 5:30:00 AM,0,0,0,0,1,0,1,1,0,0,1,0,0,1,1,1,0,0,1,0,0,0,1,0
4/21/2016 5:30:00 PM,0,0,0,0,0,0,0,0,0,0,0,0,0,0,0,0,0,0,0,0,0,0,0,0
4/21/2016 5:45:00 AM,0,0,0,0,1,0,1,1,0,0,1,0,0,1,1,1,1,0,1,0,0,0,1,0
4/21/2016 5:45:00 PM,0,0,0,0,0,0,0,0,0,0,0,0,0,0,0,0,0,0,0,0,0,0,0,0
4/21/2016 6:00:00 AM,0,0,0,0,1,0,1,1,0,0,1,0,1,1,1,1,1,0,1,0,1,0,1,0
4/21/2016 6:00:00 PM,0,0,0,0,0,0,0,0,0,0,0,0,0,0,0,0,0,0,0,0,0,0,0,0
4/21/2016 6:15:00 AM,0,0,0,0,1,0,1,1,0,0,1,0,1,1,1,1,1,0,1,0,1,0,1,0
4/21/2016 6:15:00 PM,0,0,0,0,0,0,0,0,0,0,0,0,0,0,0,0,0,0,0,0,0,0,0,0
4/21/2016 6:30:00 AM,0,0,0,0,1,0,1,1,0,0,1,0,1,1,1,1,1,0,1,0,1,0,1,0
4/21/2016 6:30:00 PM,0,0,0,0,0,0,0,0,0,0,0,0,0,0,0,0,0,0,0,0,0,0,0,0
4/21/2016 6:45:00 AM,0,0,0,0,1,0,1,1,0,0,1,0,1,1,1,1,1,0,1,0,1,0,1,0
4/21/2016 6:45:00 PM,0,0,0,0,0,0,0,0,0,0,0,0,0,0,0,0,0,0,0,0,0,0,0,0
4/21/2016 7:00:00 AM,0,0,0,0,1,0,1,1,0,0,1,0,1,1,1,1,1,0,1,0,1,0,1,0
4/21/2016 7:00:00 PM,0,0,0,0,0,0,0,0,0,0,0,0,0,0,0,0,0,0,0,0,0,0,0,0
4/21/2016 7:15:00 AM,0,0,0,0,1,0,1,1,0,0,1,0,1,1,1,1,1,0,1,0,1,0,1,0
4/21/2016 7:15:00 PM,0,0,0,0,0,0,0,0,0,0,0,0,0,0,0,0,0,0,0,0,0,0,0,0
4/21/2016 7:30:00 AM,0,0,0,0,1,0,1,1,0,0,1,0,1,1,1,1,1,0,1,0,1,0,1,0
4/21/2016 7:30:00 PM,0,0,0,0,0,0,0,0,0,0,0,0,0,0,0,0,0,0,0,0,0,0,0,0
4/21/2016 7:45:00 AM,0,0,0,0,1,0,1,1,0,0,1,0,1,1,1,1,1,0,1,0,1,0,1,0
4/21/2016 7:45:00 PM,0,0,0,0,0,0,0,0,0,0,0,0,0,0,0,0,0,0,0,0,0,0,0,0
4/21/2016 8:00:00 AM,0,0,0,0,1,0,1,1,0,0,1,0,1,1,1,1,1,0,1,0,1,0,1,0
4/21/2016 8:00:00 PM,0,0,0,0,0,0,0,0,0,0,0,0,0,0,0,0,0,0,0,0,0,0,0,0
4/21/2016 8:15:00 AM,0,0,0,0,1,0,1,1,0,0,1,0,1,1,1,1,1,0,1,0,1,0,1,0
4/21/2016 8:15:00 PM,0,0,0,0,0,0,0,0,0,0,0,0,0,0,0,0,0,0,0,0,0,0,0,0
4/21/2016 8:30:00 AM,1,0,0,0,1,0,1,1,0,0,1,0,0,1,1,1,1,0,1,0,1,0,1,0
4/21/2016 8:30:00 PM,0,0,0,0,0,0,0,0,0,0,0,0,0,0,0,0,0,0,0,0,0,0,0,0
4/21/2016 8:45:00 AM,1,0,0,0,1,0,1,1,0,0,1,0,0,1,1,1,1,0,1,0,1,0,1,0
4/21/2016 8:45:00 PM,0,0,0,0,0,0,0,0,0,0,0,0,0,0,0,0,0,0,0,0,0,0,0,0
4/21/2016 9:00:00 AM,1,0,0,0,1,0,1,1,0,0,1,1,0,1,1,1,1,0,1,0,1,0,1,0
4/21/2016 9:00:00 PM,0,0,0,0,0,0,0,0,0,0,0,0,0,0,0,0,0,0,0,0,0,0,0,0
4/21/2016 9:15:00 AM,1,0,0,0,1,0,1,1,0,0,1,1,0,1,1,1,1,0,1,0,1,0,1,0
4/21/2016 9:15:00 PM,0,0,0,0,0,0,0,0,0,0,0,0,0,0,0,0,0,0,0,0,0,0,0,0
4/21/2016 9:30:00 AM,1,0,0,0,1,0,1,1,0,0,1,1,0,1,1,1,1,0,1,0,1,0,1,0
4/21/2016 9:30:00 PM,0,0,0,0,0,0,0,0,0,0,0,0,0,0,0,0,0,0,0,0,0,0,0,0
4/21/2016 9:45:00 AM,1,0,0,0,1,0,1,1,0,0,1,1,0,1,1,1,1,0,1,0,1,0,1,0
4/21/2016 9:45:00 PM,0,0,0,0,0,0,0,0,0,0,0,0,0,0,0,0,0,0,0,0,0,0,0,0
4/22/2016 1:00:00 AM,0,0,0,0,0,0,0,0,0,0,0,0,0,0,0,0,0,0,0,0,0,0,0,0
4/22/2016 1:00:00 PM,0,0,0,0,0,0,0,1,0,1,0,1,0,0,0,0,1,0,0,0,0,0,0,1
4/22/2016 1:15:00 AM,0,0,0,0,0,0,0,0,0,0,0,0,0,0,0,0,0,0,0,0,0,0,0,0
4/22/2016 1:15:00 PM,0,0,0,0,0,0,0,1,0,1,0,1,0,0,0,0,1,0,0,0,0,0,0,1
4/22/2016 1:30:00 AM,0,0,0,0,0,0,0,0,0,0,0,0,0,0,0,0,0,0,0,0,0,0,0,0
4/22/2016 1:30:00 PM,0,0,0,0,0,0,0,1,0,1,0,1,0,0,0,0,1,0,0,0,0,0,0,1
4/22/2016 1:45:00 AM,0,0,0,0,0,0,0,0,0,0,0,0,0,0,0,0,0,0,0,0,0,0,0,0
4/22/2016 1:45:00 PM,0,0,0,0,0,0,0,1,0,1,0,1,0,0,0,0,1,0,0,0,0,0,0,1
4/22/2016 10:00:00 AM,0,0,0,0,1,0,1,1,0,1,0,1,0,0,1,1,1,0,1,0,1,0,1,1
4/22/2016 10:00:00 PM,0,0,0,0,0,0,0,0,0,0,1,0,0,0,0,0,0,0,0,0,0,0,0,0
4/22/2016 10:15:00 AM,0,0,0,0,1,0,1,1,0,1,0,1,0,0,1,1,1,0,1,0,1,0,1,1
4/22/2016 10:15:00 PM,0,0,0,0,0,0,0,0,0,0,1,0,0,0,0,0,0,0,0,0,0,0,0,0
4/22/2016 10:30:00 AM,0,0,0,0,1,0,1,1,0,1,0,1,0,0,1,1,1,0,1,0,1,0,0,1
4/22/2016 10:30:00 PM,0,0,0,0,0,0,0,0,0,0,1,0,0,0,0,0,0,0,0,0,0,0,0,0
4/22/2016 10:45:00 AM,0,0,0,0,1,0,1,1,0,1,0,1,0,0,1,1,1,0,1,0,1,0,0,1
4/22/2016 10:45:00 PM,0,0,0,0,0,0,0,0,0,0,1,0,0,0,0,0,0,0,0,0,0,0,0,0
4/22/2016 11:00:00 AM,0,0,0,0,1,0,1,1,0,1,0,1,0,0,1,1,1,0,1,0,1,0,0,1
4/22/2016 11:00:00 PM,0,0,0,0,0,0,0,0,0,0,1,0,0,0,0,0,0,0,0,0,0,0,0,0
4/22/2016 11:15:00 AM,0,0,0,0,1,0,1,1,0,1,0,1,0,0,1,0,1,0,1,0,1,0,0,1
4/22/2016 11:15:00 PM,0,0,0,0,0,0,0,0,0,0,1,0,0,0,0,0,0,0,0,0,0,0,0,0
4/22/2016 11:30:00 AM,0,0,0,0,1,0,1,1,0,1,0,1,0,0,1,0,1,0,1,0,1,0,0,1
4/22/2016 11:30:00 PM,0,0,0,0,0,0,0,0,0,0,0,0,0,0,0,0,0,0,0,0,0,0,0,0
4/22/2016 11:45:00 AM,0,0,0,0,1,0,1,1,0,1,0,1,0,0,1,0,1,0,1,0,1,0,0,1
4/22/2016 11:45:00 PM,0,0,0,0,0,0,0,0,0,0,0,0,0,0,0,0,0,0,0,0,0,0,0,0
4/22/2016 12:00:00 AM,0,0,0,0,0,0,0,0,0,0,0,0,0,0,0,0,0,0,0,0,0,0,0,0
4/22/2016 12:00:00 PM,0,0,0,0,1,0,1,1,0,1,0,1,0,0,0,0,1,0,1,0,1,0,0,1
4/22/2016 12:15:00 AM,0,0,0,0,0,0,0,0,0,0,0,0,0,0,0,0,0,0,0,0,0,0,0,0
4/22/2016 12:15:00 PM,0,0,0,0,0,0,1,1,0,1,0,1,0,0,0,0,1,0,1,0,1,0,0,1
4/22/2016 12:30:00 AM,0,0,0,0,0,0,0,0,0,0,0,0,0,0,0,0,0,0,0,0,0,0,0,0
4/22/2016 12:30:00 PM,0,0,0,0,0,0,1,1,0,1,0,1,0,0,0,0,1,0,1,0,1,0,0,1
4/22/2016 12:45:00 AM,0,0,0,0,0,0,0,0,0,0,0,0,0,0,0,0,0,0,0,0,0,0,0,0
4/22/2016 12:45:00 PM,0,0,0,0,0,0,1,1,0,1,0,1,0,0,0,0,1,0,0,0,1,0,0,1
4/22/2016 2:00:00 AM,0,0,0,0,0,0,0,0,0,0,0,0,0,0,0,0,0,0,0,0,0,0,0,0
4/22/2016 2:00:00 PM,0,0,0,0,0,0,0,1,0,0,0,1,0,0,0,0,1,0,0,0,0,0,0,1
4/22/2016 2:15:00 AM,0,0,0,0,0,0,0,0,0,0,0,0,0,0,0,0,0,0,0,0,0,0,0,0
4/22/2016 2:15:00 PM,0,0,0,0,0,0,0,1,0,0,0,1,0,0,0,0,1,0,0,0,0,0,0,1
4/22/2016 2:30:00 AM,0,0,0,0,0,0,0,0,0,0,0,0,0,0,0,0,0,0,0,0,0,0,1,0
4/22/2016 2:30:00 PM,0,0,0,0,0,0,0,1,0,0,0,1,0,0,0,0,1,0,0,0,0,0,0,1
4/22/2016 2:45:00 AM,0,0,0,0,0,0,0,0,0,0,0,0,0,0,0,0,0,0,0,0,0,0,1,0
4/22/2016 2:45:00 PM,0,0,0,0,0,0,0,1,0,0,0,1,0,0,0,0,1,0,0,0,0,0,0,1
4/22/2016 3:00:00 AM,0,0,0,0,1,0,0,0,0,0,0,0,0,0,0,0,0,0,0,0,0,0,1,0
4/22/2016 3:00:00 PM,0,0,0,0,0,0,0,1,0,0,0,1,0,0,0,0,1,0,0,0,0,0,0,0
4/22/2016 3:15:00 AM,0,0,0,0,1,0,0,0,0,0,0,0,0,0,0,0,0,0,0,0,0,0,1,0
4/22/2016 3:15:00 PM,0,0,0,0,0,0,0,1,0,0,0,1,0,0,0,0,1,0,0,0,0,0,0,0
4/22/2016 3:30:00 AM,0,0,0,0,1,0,0,0,0,0,0,0,0,0,0,0,0,0,0,0,0,0,1,0
4/22/2016 3:30:00 PM,0,0,0,0,0,0,0,1,0,0,0,1,0,0,0,0,1,0,0,0,0,0,0,0
4/22/2016 3:45:00 AM,0,0,0,0,1,0,0,0,0,0,0,0,0,0,0,0,0,0,0,0,0,0,1,0
4/22/2016 3:45:00 PM,0,0,0,0,0,0,0,0,0,0,0,1,0,0,0,0,0,0,0,0,0,0,0,0
4/22/2016 4:00:00 AM,0,0,0,0,1,0,0,0,0,0,0,0,0,0,0,0,0,0,0,0,0,0,1,0
4/22/2016 4:00:00 PM,0,0,0,0,0,0,0,0,0,0,0,1,0,0,0,0,0,0,0,0,0,0,0,0
4/22/2016 4:15:00 AM,0,0,0,0,1,0,0,0,0,0,0,0,0,0,0,0,0,0,0,0,0,0,1,0
4/22/2016 4:15:00 PM,0,0,0,0,0,0,0,0,0,0,0,0,0,0,0,0,0,0,0,0,0,0,0,0
4/22/2016 4:30:00 AM,0,0,0,0,1,0,0,0,0,1,0,0,0,0,0,0,0,0,0,0,0,0,1,0
4/22/2016 4:30:00 PM,0,0,0,0,0,0,0,0,0,0,0,0,0,0,0,0,0,0,0,0,0,0,0,0
4/22/2016 4:45:00 AM,0,0,0,0,1,0,0,0,0,1,0,0,0,0,0,0,0,0,0,0,0,0,1,0
4/22/2016 4:45:00 PM,0,0,0,0,0,0,0,0,0,0,0,0,0,0,0,0,0,0,0,0,0,0,0,0
4/22/2016 5:00:00 AM,0,0,0,0,1,0,0,0,0,1,0,0,0,0,0,1,0,0,0,0,0,0,1,0
4/22/2016 5:00:00 PM,0,0,0,0,0,0,0,0,0,0,0,0,0,0,0,0,0,0,0,0,0,0,0,0
4/22/2016 5:15:00 AM,0,0,0,0,1,0,1,0,0,1,0,0,0,0,0,1,0,0,1,0,1,0,1,0
4/22/2016 5:15:00 PM,0,0,0,0,0,0,0,0,0,0,0,0,0,0,0,0,0,0,0,0,0,0,0,0
4/22/2016 5:30:00 AM,0,0,0,0,1,0,1,0,0,1,0,0,0,0,0,1,0,0,1,0,1,0,1,0
4/22/2016 5:30:00 PM,0,0,0,0,0,0,0,0,0,0,0,0,0,0,0,0,0,0,0,0,0,0,0,0
4/22/2016 5:45:00 AM,0,0,0,0,1,0,1,0,0,1,0,0,0,0,1,1,0,0,1,0,1,0,1,0
4/22/2016 5:45:00 PM,0,0,0,0,0,0,0,0,0,0,0,0,0,0,0,0,0,0,0,0,0,0,0,0
4/22/2016 6:00:00 AM,0,0,0,0,1,0,1,0,0,1,0,0,0,0,1,1,0,0,1,0,1,0,1,0
4/22/2016 6:00:00 PM,0,0,0,0,0,0,0,0,0,0,0,0,0,0,0,0,0,0,0,0,0,0,0,0
4/22/2016 6:15:00 AM,0,0,0,0,1,0,1,0,0,1,0,0,0,0,1,1,1,0,1,0,1,0,1,0
4/22/2016 6:15:00 PM,0,0,0,0,0,0,0,0,0,0,0,0,0,0,0,0,0,0,0,0,0,0,0,0
4/22/2016 6:30:00 AM,0,0,0,0,1,0,1,0,0,1,0,0,0,0,1,1,1,0,1,0,1,0,1,0
4/22/2016 6:30:00 PM,0,0,0,0,0,0,0,0,0,0,0,0,0,0,0,0,0,0,0,0,0,0,0,0
4/22/2016 6:45:00 AM,0,0,0,0,1,0,1,0,0,1,0,0,0,0,1,1,1,0,1,0,1,0,1,0
4/22/2016 6:45:00 PM,0,0,0,0,0,0,0,0,0,0,0,0,0,0,0,0,0,0,0,0,0,0,0,0
4/22/2016 7:00:00 AM,0,0,0,0,1,0,1,0,0,1,0,0,0,0,1,1,1,0,1,0,1,0,1,0
4/22/2016 7:00:00 PM,0,0,0,0,0,0,0,0,0,0,0,0,0,0,0,0,0,0,0,0,0,0,0,0
4/22/2016 7:15:00 AM,0,0,0,0,1,0,1,0,0,1,0,0,0,0,1,1,1,0,1,0,1,0,1,0
4/22/2016 7:15:00 PM,0,0,0,0,0,0,0,0,0,0,0,0,0,0,0,0,0,0,0,0,0,0,0,0
4/22/2016 7:30:00 AM,0,0,0,0,1,0,1,1,0,1,0,0,0,0,1,1,1,0,1,0,1,0,1,0
4/22/2016 7:30:00 PM,0,0,0,0,0,0,0,0,0,0,0,0,0,0,0,0,0,0,0,0,0,0,0,0
4/22/2016 7:45:00 AM,0,0,0,0,1,0,1,1,0,1,0,0,0,0,1,1,1,0,1,0,1,0,1,0
4/22/2016 7:45:00 PM,0,0,0,0,0,0,0,0,0,0,0,0,0,0,0,0,0,0,0,0,0,0,0,0
4/22/2016 8:00:00 AM,0,0,0,0,1,0,1,1,0,1,0,0,0,0,1,1,1,0,1,0,1,0,1,1
4/22/2016 8:00:00 PM,0,0,0,0,0,0,0,0,0,0,0,0,0,0,0,0,0,0,0,0,0,0,0,0
4/22/2016 8:15:00 AM,0,0,0,0,1,0,1,1,0,1,0,0,0,0,1,1,1,0,1,0,1,0,1,1
4/22/2016 8:15:00 PM,0,0,0,0,0,0,0,0,0,0,0,0,0,0,0,0,0,0,0,0,0,0,0,0
4/22/2016 8:30:00 AM,0,0,0,0,1,0,1,1,0,1,0,0,0,0,1,1,1,0,1,0,1,0,1,1
4/22/2016 8:30:00 PM,0,0,0,0,0,0,0,0,0,0,0,0,0,0,0,0,0,0,0,0,0,0,0,0
4/22/2016 8:45:00 AM,0,0,0,0,1,0,1,1,0,1,0,0,0,0,1,1,1,0,1,0,1,0,1,1
4/22/2016 8:45:00 PM,0,0,0,0,0,0,0,0,0,0,0,0,0,0,0,0,0,0,0,0,0,0,0,0
4/22/2016 9:00:00 AM,0,0,0,0,1,0,1,1,0,1,0,0,0,0,1,1,1,0,1,0,1,0,1,1
4/22/2016 9:00:00 PM,0,0,0,0,0,0,0,0,0,0,0,0,0,0,0,0,0,0,0,0,0,0,0,0
4/22/2016 9:15:00 AM,0,0,0,0,1,0,1,1,0,1,0,1,0,0,1,1,1,0,1,0,1,0,1,1
4/22/2016 9:15:00 PM,0,0,0,0,0,0,0,0,0,0,0,0,0,0,0,0,0,0,0,0,0,0,0,0
4/22/2016 9:30:00 AM,0,0,0,0,1,0,1,1,0,1,0,1,0,0,1,1,1,0,1,0,1,0,1,1
4/22/2016 9:30:00 PM,0,0,0,0,0,0,0,0,0,0,0,0,0,0,0,0,0,0,0,0,0,0,0,0
4/22/2016 9:45:00 AM,0,0,0,0,1,0,1,1,0,1,0,1,0,0,1,1,1,0,1,0,1,0,1,1
4/22/2016 9:45:00 PM,0,0,0,0,0,0,0,0,0,0,1,0,0,0,0,0,0,0,0,0,0,0,0,0

