Minutes,pt-1,pt-2,pt-3,pt-4,pt-5,pt-6,pt-7,pt-8,pt-9,pt-10,pt-11,pt-12,pt-13,pt-14,pt-15,pt-16,pt-17,pt-18,pt-19,pt-20,pt-21,pt-22,pt-23,pt-24,pt-25,pt-26,pt-27,pt-28,pt-29,pt-30,pt-31,pt-32,pt-33,pt-34,pt-35,pt-36,pt-37,pt-38,pt-39,pt-40,pt-41,pt-42,pt-43,pt-44,pt-45,pt-46,pt-47,pt-48,pt-49,pt-50,pt-51,pt-52,pt-53,pt-54,pt-55,pt-56,pt-57,pt-58,pt-59,pt-60,pt-61,pt-62,pt-63,pt-64,pt-65,pt-66,pt-67,pt-68,pt-69,pt-70,pt-71,pt-72,pt-73,pt-74,pt-75,pt-76,pt-77,pt-78,pt-79,pt-80,pt-81,pt-82,pt-83,pt-84,pt-85,pt-86,pt-87,pt-88,pt-89,pt-90,pt-91,pt-92,pt-93,pt-94,pt-95,pt-96,pt-97,pt-98,pt-99,pt-100,pt-101,pt-102,pt-103,pt-104,pt-105,pt-106,pt-107,pt-108,pt-109,pt-110,pt-111,pt-112,pt-113,pt-114,pt-115,pt-116,pt-117,pt-118,pt-119,pt-120,pt-121,pt-122,pt-123,pt-124,pt-125,pt-126,pt-127
min-1,0,0,0,0,1,0,0,0,0,0,1,1,0,1,0,1,1,1,0,1,0,1,1,0,0,0,1,1,1,0,1,0,1,0,0,1,0,1,1,1,0,0,0,1,1,1,0,0,0,1,1,0,1,0,0,1,1,1,1,0,1,1,0,1,1,1,1,0,1,1,1,0,0,1,0,1,0,1,0,0,0,1,1,1,1,0,0,1,1,1,0,0,0,1,1,1,1,1,0,1,0,0,1,0,0,0,0,0,0,0,1,1,1,1,1,1,1,0,1,1,0,0,0,1,0,0,1
min-2,0,0,1,0,1,1,1,1,1,0,1,0,0,1,0,0,1,1,0,0,1,1,0,0,1,1,1,0,0,1,1,1,1,0,1,1,0,1,1,1,0,1,1,0,1,1,0,0,0,1,1,1,1,1,0,0,1,0,1,1,0,0,1,1,0,1,0,0,0,1,0,1,0,1,1,0,1,1,0,0,1,0,1,0,1,1,0,0,1,1,0,1,0,1,1,0,1,1,0,0,0,0,1,0,1,0,0,1,0,1,0,1,0,1,0,1,0,0,0,0,0,1,1,0,1,1,0
min-3,1,1,1,1,1,0,0,0,1,0,0,0,1,1,1,1,0,1,1,1,1,1,1,1,0,1,1,0,0,0,0,0,1,1,1,1,1,1,0,1,0,1,0,1,1,1,0,1,0,0,1,0,0,1,1,1,1,1,1,0,0,0,0,1,0,1,0,1,1,0,1,0,1,1,0,0,1,0,0,0,1,0,0,1,1,1,0,1,0,0,0,0,0,1,0,1,0,1,0,1,1,1,1,0,1,0,0,1,1,1,0,0,1,0,0,0,0,0,0,0,0,0,1,0,1,1,0
min-4,1,0,0,0,1,1,0,1,1,0,1,0,1,0,0,0,1,0,0,1,1,0,0,0,1,1,1,0,1,0,1,1,0,0,0,0,1,0,1,0,1,1,0,1,1,1,0,0,0,1,0,0,0,0,0,0,1,0,0,0,1,1,1,1,1,0,1,1,1,0,0,1,0,0,1,0,0,1,1,0,0,1,1,1,1,1,1,1,1,0,0,0,0,0,1,1,1,0,0,1,1,1,0,0,0,1,0,1,0,1,0,1,0,0,0,1,1,0,0,0,0,1,0,1,0,1,0
min-5,0,1,0,1,0,1,1,1,1,0,0,1,0,1,1,1,0,1,1,1,1,0,1,0,0,0,0,1,1,1,0,0,1,1,1,0,1,0,0,0,1,1,1,0,1,1,1,1,0,0,1,1,0,1,0,1,1,0,0,0,0,0,0,1,0,0,0,0,1,0,0,0,1,0,1,1,0,0,0,1,1,1,0,0,1,1,1,1,1,0,1,0,1,1,1,1,0,1,1,0,0,0,1,0,0,0,0,0,1,1,0,0,0,0,0,0,1,0,0,1,0,0,1,1,0,1,0
min-6,0,0,1,1,0,0,0,1,1,0,1,1,0,1,1,1,0,1,0,1,1,0,1,0,1,1,1,1,0,1,1,1,1,0,0,0,1,1,0,0,1,0,0,0,0,1,0,1,0,1,0,0,0,1,0,0,1,0,1,0,1,0,1,1,0,0,0,0,1,1,0,0,0,0,1,1,1,1,1,0,0,0,1,0,0,1,1,1,1,0,0,1,0,1,1,1,1,1,0,0,1,0,0,1,1,1,0,0,1,0,0,0,1,1,1,1,0,0,0,1,1,1,1,1,0,1,0
min-7,1,0,0,1,0,1,0,1,0,1,0,1,0,1,0,0,0,1,0,0,0,1,1,0,1,0,0,1,1,0,1,0,0,1,0,0,0,1,1,1,0,1,0,1,0,0,1,0,1,1,0,0,0,0,0,1,0,1,1,1,0,1,0,1,0,1,1,0,0,1,1,1,1,0,1,0,1,1,1,0,0,1,1,1,0,1,1,0,0,0,1,0,0,1,1,1,0,1,0,1,0,0,1,1,1,1,0,1,1,0,1,1,0,1,1,0,1,0,0,1,0,1,1,1,1,0,1
min-8,0,0,0,0,1,1,0,0,0,0,1,0,1,1,1,1,0,0,0,0,1,1,0,0,0,1,1,1,0,0,1,0,1,0,0,0,0,0,0,0,1,1,1,0,0,1,0,0,1,0,0,0,0,0,0,0,1,1,1,0,1,0,0,0,0,0,1,1,0,0,0,1,1,0,1,1,0,1,0,0,0,1,0,1,1,0,1,1,0,0,1,0,0,0,1,1,0,1,0,1,0,0,0,0,0,1,1,0,1,1,0,1,0,1,1,1,0,0,0,1,0,0,1,1,0,1,0
min-9,0,0,0,1,1,0,0,1,1,0,0,0,1,0,0,0,1,1,0,0,1,1,1,0,1,0,1,0,1,1,0,0,1,1,0,1,0,0,1,0,0,0,1,1,1,1,0,0,0,0,1,0,0,0,1,0,1,1,0,1,1,1,0,1,0,0,0,0,1,1,0,1,1,0,1,0,0,0,1,0,1,1,1,1,0,1,0,1,1,1,0,0,0,1,0,0,0,1,1,0,0,0,0,1,0,1,1,1,0,1,0,0,0,1,0,1,1,0,0,1,1,0,0,0,1,0,1
min-10,1,0,0,0,0,1,0,0,1,1,0,1,1,0,0,0,0,0,0,1,1,0,0,1,0,0,0,0,0,0,0,0,1,0,0,1,0,1,1,0,0,0,0,0,0,1,1,0,1,1,1,1,1,0,1,0,1,1,0,0,0,1,1,1,1,0,0,1,0,1,0,0,0,0,0,0,1,0,0,0,0,1,0,0,1,1,0,1,1,0,1,0,0,0,1,0,0,0,1,1,1,0,1,0,0,0,0,0,1,1,0,1,1,0,1,1,1,1,0,0,1,1,0,0,0,1,0
min-11,0,1,0,0,1,1,1,1,0,0,1,1,0,0,1,0,0,1,1,1,1,1,0,1,1,1,0,1,0,1,0,0,0,1,0,1,0,0,1,0,0,0,1,0,1,1,0,1,1,0,0,1,1,1,0,0,0,1,1,1,0,0,0,0,0,0,0,1,1,0,0,1,1,0,1,0,1,0,0,0,0,0,1,1,1,1,1,0,0,0,0,0,0,0,0,0,0,0,0,0,0,1,1,1,1,0,1,0,1,1,0,0,1,0,1,1,1,1,0,0,1,1,1,0,1,0,0
min-12,1,0,0,1,0,0,0,0,0,0,0,0,1,1,1,0,1,1,0,0,1,1,1,0,1,1,1,0,1,0,0,1,0,1,0,0,1,0,0,1,0,0,1,1,0,0,0,0,1,1,1,1,0,0,0,1,0,0,0,1,1,0,0,1,0,1,1,1,0,0,1,1,1,0,1,1,1,1,1,1,1,1,0,1,0,1,1,1,0,0,0,1,0,1,0,0,0,0,1,1,1,0,1,1,1,0,1,0,1,1,1,0,0,0,0,1,1,1,0,0,0,1,1,0,1,0,0
min-13,0,1,1,0,0,1,1,0,0,1,0,0,0,0,0,0,1,1,1,1,0,0,1,1,0,1,0,0,0,0,0,0,1,0,1,0,1,0,0,1,0,0,1,1,0,1,0,1,1,0,0,1,0,0,0,0,1,0,1,1,1,0,1,0,1,0,1,0,1,1,1,0,1,1,0,0,1,0,0,0,0,1,0,1,0,1,0,1,0,0,1,1,0,0,0,1,0,1,1,1,1,1,1,1,1,1,1,1,0,1,0,1,0,1,1,1,0,1,0,0,0,0,1,0,1,1,0
min-14,0,0,0,0,0,0,0,0,1,1,0,1,0,0,1,1,1,0,0,0,1,0,1,0,0,0,1,0,0,1,0,0,1,1,0,0,1,1,0,1,1,1,0,0,1,1,0,1,1,0,1,0,1,0,1,0,1,1,1,1,0,1,0,1,0,0,0,0,0,0,0,1,1,0,0,1,0,0,0,1,1,0,0,0,1,0,0,1,0,1,0,0,0,1,1,1,1,1,1,0,1,1,0,0,1,0,0,1,0,1,0,1,0,1,0,1,0,0,0,1,1,0,0,1,1,1,0
min-15,1,1,1,1,1,0,0,0,0,0,1,1,0,1,0,0,1,1,0,0,0,1,1,0,1,1,1,1,1,1,1,1,0,1,0,1,0,0,1,0,0,1,0,0,1,1,0,0,0,1,0,1,0,1,0,0,1,0,0,1,0,1,0,1,0,0,0,1,0,0,0,1,1,0,0,0,1,0,1,1,0,1,1,1,1,0,1,0,0,1,1,1,1,1,1,1,1,1,0,1,1,1,1,0,0,1,1,1,0,0,0,0,1,0,0,1,1,1,1,1,1,0,1,1,1,1,1
min-16,0,0,1,1,1,1,0,0,1,1,0,0,0,1,1,0,1,1,1,0,0,1,0,0,1,0,1,1,0,1,0,1,0,1,1,0,1,1,0,0,0,1,1,0,0,1,1,1,1,1,0,0,1,1,1,0,1,0,0,1,0,0,0,1,0,1,0,1,1,0,0,1,0,1,1,0,0,0,0,1,1,0,1,0,0,1,0,0,0,1,0,0,0,0,1,1,0,0,1,0,1,1,0,0,0,1,1,1,1,0,0,0,0,0,1,0,0,1,1,0,0,0,0,1,0,0,1
min-17,0,0,0,1,1,1,1,0,0,1,0,1,0,1,1,0,1,0,0,0,1,0,0,0,1,1,0,1,0,1,1,1,1,0,0,1,0,0,0,1,1,1,0,0,0,1,1,0,1,1,1,0,0,1,0,0,0,0,0,1,0,1,1,0,0,1,1,0,1,0,0,0,0,0,0,0,1,1,1,1,1,1,0,0,0,1,0,0,1,0,1,1,0,0,1,1,1,1,1,0,0,1,1,1,1,1,0,0,1,0,1,0,0,0,1,0,1,0,1,0,0,1,1,1,0,0,1
min-18,1,1,1,1,0,0,0,1,1,0,1,1,1,1,1,1,0,1,0,0,1,0,0,0,1,0,1,0,1,1,1,1,0,0,1,0,1,0,1,0,0,0,1,0,0,1,1,1,0,0,1,0,0,0,1,0,0,0,0,1,0,1,1,1,1,0,1,1,0,1,1,0,1,1,0,0,1,1,0,1,0,1,0,0,1,0,0,1,0,1,0,0,1,1,0,1,0,0,0,0,1,1,0,1,0,1,1,1,0,1,0,0,1,1,0,1,0,0,0,0,0,0,0,1,0,1,1
min-19,0,1,1,0,0,1,0,0,0,1,1,1,1,1,1,0,0,1,1,0,1,1,1,1,0,1,0,0,1,0,0,1,1,1,1,0,1,0,1,1,0,0,0,1,1,0,1,0,1,1,0,1,0,0,0,1,1,0,1,1,1,0,0,0,1,1,0,0,1,0,0,0,0,0,0,0,1,0,0,1,1,1,0,0,1,0,0,0,1,1,0,0,1,1,1,0,0,1,0,0,1,0,0,1,0,1,1,0,0,0,0,1,0,0,1,1,1,0,1,1,0,0,0,0,1,0,1
min-20,1,1,0,1,0,1,0,1,0,1,0,0,0,1,1,0,0,1,1,1,0,0,1,0,1,1,1,0,0,0,1,1,0,1,0,0,1,1,0,1,1,1,0,0,1,1,1,1,1,1,1,0,0,0,0,1,0,1,1,1,1,0,1,0,1,0,1,0,1,0,1,0,1,0,0,1,0,1,1,0,0,0,0,1,1,1,1,0,0,1,0,0,1,1,1,0,1,0,0,1,1,0,1,1,1,0,1,0,0,1,0,1,0,0,0,0,0,0,1,1,0,0,0,1,1,0,0
min-21,0,0,0,1,0,0,0,1,0,0,1,0,0,1,0,0,1,0,0,0,1,1,1,0,1,1,0,0,0,1,1,0,1,1,1,0,0,0,1,0,0,0,0,1,0,1,1,1,1,1,0,1,1,1,0,0,0,1,0,1,0,1,1,1,1,0,1,0,1,1,1,1,0,1,0,0,1,1,1,1,0,1,1,0,0,1,1,0,1,0,1,0,1,1,0,1,0,1,0,0,1,0,0,0,1,0,1,0,0,0,0,1,0,0,1,1,0,1,1,0,1,0,1,0,1,1,0
min-22,1,0,0,1,1,0,0,1,0,0,1,1,0,0,0,1,0,0,1,0,0,1,0,1,1,1,1,1,0,1,1,0,1,0,1,0,0,0,1,0,1,1,1,0,1,0,0,0,1,0,1,0,1,1,1,0,0,1,0,1,0,0,1,1,1,1,1,0,0,0,0,0,1,0,1,1,0,1,1,0,0,1,1,1,0,0,1,1,1,1,1,1,1,1,1,0,0,1,0,1,0,1,0,1,1,1,1,0,1,1,1,0,1,0,1,1,1,1,1,1,0,0,0,1,0,0,0
min-23,0,1,0,1,1,1,1,0,0,0,1,0,1,0,0,0,0,0,1,1,0,1,1,1,0,0,0,0,1,1,0,1,0,0,0,0,0,1,0,0,1,1,0,1,0,1,0,0,1,0,0,0,1,0,0,1,1,0,1,1,1,0,1,0,1,0,0,1,0,0,0,1,1,1,1,0,1,0,1,0,1,1,1,1,0,1,0,0,1,0,0,1,1,0,1,0,0,0,1,1,0,1,1,0,1,0,0,0,0,1,0,1,0,1,1,1,1,1,1,0,0,0,1,0,1,0,1
min-24,0,0,1,1,1,0,1,0,1,0,0,0,1,0,0,0,1,0,0,0,0,1,0,0,1,1,0,1,1,0,1,0,0,1,1,1,1,0,0,1,0,0,1,1,0,1,1,1,1,0,0,1,1,1,1,0,1,1,0,0,1,0,1,0,1,1,0,0,1,0,0,0,1,0,1,1,1,0,1,0,0,0,0,0,1,0,1,0,0,1,1,0,1,1,0,1,0,0,0,0,1,0,0,1,1,0,0,0,0,1,1,0,0,0,1,1,0,0,0,1,0,1,1,1,0,1,1
